date,ticker,price
2010-06-29,TSLA,4.777999877929688
2010-06-30,TSLA,4.765999794006348
2010-07-01,TSLA,4.392000198364258
2010-07-02,TSLA,3.839999914169312
2010-07-06,TSLA,3.2219998836517334
2010-07-07,TSLA,3.1600000858306885
2010-07-08,TSLA,3.492000102996826
2010-07-09,TSLA,3.4800000190734863
2010-07-12,TSLA,3.4100000858306885
2010-07-13,TSLA,3.628000020980835
2010-07-14,TSLA,3.9679999351501465
2010-07-15,TSLA,3.9779999256134033
2010-07-16,TSLA,4.127999782562256
2010-07-19,TSLA,4.381999969482422
2010-07-20,TSLA,4.059999942779541
2010-07-21,TSLA,4.044000148773193
2010-07-22,TSLA,4.199999809265137
2010-07-23,TSLA,4.257999897003174
2010-07-26,TSLA,4.190000057220459
2010-07-27,TSLA,4.110000133514404
2010-07-28,TSLA,4.144000053405762
2010-07-29,TSLA,4.070000171661377
2010-07-30,TSLA,3.98799991607666
2010-08-02,TSLA,4.184000015258789
2010-08-03,TSLA,4.389999866485596
2010-08-04,TSLA,4.251999855041504
2010-08-05,TSLA,4.090000152587891
2010-08-06,TSLA,3.9179999828338623
2010-08-09,TSLA,3.920000076293945
2010-08-10,TSLA,3.805999994277954
2010-08-11,TSLA,3.5799999237060547
2010-08-12,TSLA,3.5199999809265137
2010-08-13,TSLA,3.6640000343322754
2010-08-16,TSLA,3.75600004196167
2010-08-17,TSLA,3.829999923706055
2010-08-18,TSLA,3.753999948501587
2010-08-19,TSLA,3.757999897003174
2010-08-20,TSLA,3.819999933242798
2010-08-23,TSLA,4.026000022888184
2010-08-24,TSLA,3.839999914169312
2010-08-25,TSLA,3.9800000190734863
2010-08-26,TSLA,3.950000047683716
2010-08-27,TSLA,3.940000057220459
2010-08-30,TSLA,3.973999977111816
2010-08-31,TSLA,3.8959999084472656
2010-09-01,TSLA,4.090000152587891
2010-09-02,TSLA,4.211999893188477
2010-09-03,TSLA,4.210000038146973
2010-09-07,TSLA,4.107999801635742
2010-09-08,TSLA,4.179999828338623
2010-09-09,TSLA,4.142000198364258
2010-09-10,TSLA,4.033999919891357
2010-09-13,TSLA,4.144000053405762
2010-09-14,TSLA,4.223999977111816
2010-09-15,TSLA,4.395999908447266
2010-09-16,TSLA,4.188000202178955
2010-09-17,TSLA,4.046000003814697
2010-09-20,TSLA,4.211999893188477
2010-09-21,TSLA,4.15399980545044
2010-09-22,TSLA,3.973999977111816
2010-09-23,TSLA,3.911999940872192
2010-09-24,TSLA,4.019999980926514
2010-09-27,TSLA,4.105999946594238
2010-09-28,TSLA,4.28000020980835
2010-09-29,TSLA,4.395999908447266
2010-09-30,TSLA,4.081999778747559
2010-10-01,TSLA,4.119999885559082
2010-10-04,TSLA,4.197999954223633
2010-10-05,TSLA,4.223999977111816
2010-10-06,TSLA,4.0920000076293945
2010-10-07,TSLA,4.085999965667725
2010-10-08,TSLA,4.085999965667725
2010-10-11,TSLA,4.047999858856201
2010-10-12,TSLA,4.047999858856201
2010-10-13,TSLA,4.107999801635742
2010-10-14,TSLA,4.150000095367432
2010-10-15,TSLA,4.107999801635742
2010-10-18,TSLA,4.046000003814697
2010-10-19,TSLA,4.010000228881836
2010-10-20,TSLA,4.130000114440918
2010-10-21,TSLA,4.150000095367432
2010-10-22,TSLA,4.144000053405762
2010-10-25,TSLA,4.170000076293945
2010-10-26,TSLA,4.271999835968018
2010-10-27,TSLA,4.199999809265137
2010-10-28,TSLA,4.23799991607666
2010-10-29,TSLA,4.368000030517578
2010-11-01,TSLA,4.2820000648498535
2010-11-02,TSLA,4.25
2010-11-03,TSLA,4.354000091552734
2010-11-04,TSLA,4.980000019073486
2010-11-05,TSLA,4.888000011444092
2010-11-08,TSLA,4.995999813079834
2010-11-09,TSLA,4.926000118255615
2010-11-10,TSLA,5.872000217437744
2010-11-11,TSLA,5.607999801635742
2010-11-12,TSLA,5.9679999351501465
2010-11-15,TSLA,6.159999847412109
2010-11-16,TSLA,5.934000015258789
2010-11-17,TSLA,5.8979997634887695
2010-11-18,TSLA,5.978000164031982
2010-11-19,TSLA,6.197999954223633
2010-11-22,TSLA,6.679999828338623
2010-11-23,TSLA,6.914000034332275
2010-11-24,TSLA,7.093999862670898
2010-11-26,TSLA,7.064000129699707
2010-11-29,TSLA,6.866000175476074
2010-11-30,TSLA,7.065999984741211
2010-12-01,TSLA,6.869999885559082
2010-12-02,TSLA,6.46999979019165
2010-12-03,TSLA,6.297999858856201
2010-12-06,TSLA,6.061999797821045
2010-12-07,TSLA,6.311999797821045
2010-12-08,TSLA,6.473999977111816
2010-12-09,TSLA,6.409999847412109
2010-12-10,TSLA,6.303999900817871
2010-12-13,TSLA,6.110000133514404
2010-12-14,TSLA,5.705999851226807
2010-12-15,TSLA,5.920000076293945
2010-12-16,TSLA,6.162000179290772
2010-12-17,TSLA,6.271999835968018
2010-12-20,TSLA,6.340000152587891
2010-12-21,TSLA,6.452000141143799
2010-12-22,TSLA,6.526000022888184
2010-12-23,TSLA,6.01800012588501
2010-12-27,TSLA,5.110000133514404
2010-12-28,TSLA,5.2820000648498535
2010-12-29,TSLA,5.546000003814697
2010-12-30,TSLA,5.300000190734863
2010-12-31,TSLA,5.326000213623047
2011-01-03,TSLA,5.323999881744385
2011-01-04,TSLA,5.334000110626221
2011-01-05,TSLA,5.366000175476074
2011-01-06,TSLA,5.576000213623047
2011-01-07,TSLA,5.6479997634887695
2011-01-10,TSLA,5.690000057220459
2011-01-11,TSLA,5.392000198364258
2011-01-12,TSLA,5.392000198364258
2011-01-13,TSLA,5.24399995803833
2011-01-14,TSLA,5.150000095367432
2011-01-18,TSLA,5.127999782562256
2011-01-19,TSLA,4.806000232696533
2011-01-20,TSLA,4.52400016784668
2011-01-21,TSLA,4.607999801635742
2011-01-24,TSLA,4.8979997634887695
2011-01-25,TSLA,4.935999870300293
2011-01-26,TSLA,4.949999809265137
2011-01-27,TSLA,4.984000205993652
2011-01-28,TSLA,4.802000045776367
2011-01-31,TSLA,4.820000171661377
2011-02-01,TSLA,4.7820000648498535
2011-02-02,TSLA,4.788000106811523
2011-02-03,TSLA,4.72599983215332
2011-02-04,TSLA,4.691999912261963
2011-02-07,TSLA,4.613999843597412
2011-02-08,TSLA,4.8979997634887695
2011-02-09,TSLA,4.642000198364258
2011-02-10,TSLA,4.644000053405762
2011-02-11,TSLA,4.650000095367432
2011-02-14,TSLA,4.616000175476074
2011-02-15,TSLA,4.567999839782715
2011-02-16,TSLA,4.946000099182129
2011-02-17,TSLA,4.71999979019165
2011-02-18,TSLA,4.636000156402588
2011-02-22,TSLA,4.374000072479248
2011-02-23,TSLA,4.366000175476074
2011-02-24,TSLA,4.50600004196167
2011-02-25,TSLA,4.7220001220703125
2011-02-28,TSLA,4.777999877929688
2011-03-01,TSLA,4.788000106811523
2011-03-02,TSLA,4.803999900817871
2011-03-03,TSLA,4.872000217437744
2011-03-04,TSLA,4.989999771118164
2011-03-07,TSLA,4.98799991607666
2011-03-08,TSLA,4.932000160217285
2011-03-09,TSLA,4.943999767303467
2011-03-10,TSLA,4.802000045776367
2011-03-11,TSLA,4.814000129699707
2011-03-14,TSLA,4.650000095367432
2011-03-15,TSLA,4.590000152587891
2011-03-16,TSLA,4.564000129699707
2011-03-17,TSLA,4.561999797821045
2011-03-18,TSLA,4.5920000076293945
2011-03-21,TSLA,4.546000003814697
2011-03-22,TSLA,4.438000202178955
2011-03-23,TSLA,4.441999912261963
2011-03-24,TSLA,4.466000080108643
2011-03-25,TSLA,4.550000190734863
2011-03-28,TSLA,4.650000095367432
2011-03-29,TSLA,4.783999919891357
2011-03-30,TSLA,4.742000102996826
2011-03-31,TSLA,5.550000190734863
2011-04-01,TSLA,5.331999778747559
2011-04-04,TSLA,5.165999889373779
2011-04-05,TSLA,5.340000152587891
2011-04-06,TSLA,5.297999858856201
2011-04-07,TSLA,5.447999954223633
2011-04-08,TSLA,5.297999858856201
2011-04-11,TSLA,5.053999900817871
2011-04-12,TSLA,4.929999828338623
2011-04-13,TSLA,4.986000061035156
2011-04-14,TSLA,5.027999877929688
2011-04-15,TSLA,5.116000175476074
2011-04-18,TSLA,5.00600004196167
2011-04-19,TSLA,5.0320000648498535
2011-04-20,TSLA,5.150000095367432
2011-04-21,TSLA,5.3480000495910645
2011-04-25,TSLA,5.277999877929688
2011-04-26,TSLA,5.386000156402588
2011-04-27,TSLA,5.415999889373779
2011-04-28,TSLA,5.5320000648498535
2011-04-29,TSLA,5.519999980926514
2011-05-02,TSLA,5.489999771118164
2011-05-03,TSLA,5.374000072479248
2011-05-04,TSLA,5.3379998207092285
2011-05-05,TSLA,5.288000106811523
2011-05-06,TSLA,5.423999786376953
2011-05-09,TSLA,5.581999778747559
2011-05-10,TSLA,5.665999889373779
2011-05-11,TSLA,5.414000034332275
2011-05-12,TSLA,5.533999919891357
2011-05-13,TSLA,5.510000228881836
2011-05-16,TSLA,5.320000171661377
2011-05-17,TSLA,5.191999912261963
2011-05-18,TSLA,5.269999980926514
2011-05-19,TSLA,5.639999866485596
2011-05-20,TSLA,5.593999862670898
2011-05-23,TSLA,5.363999843597412
2011-05-24,TSLA,5.343999862670898
2011-05-25,TSLA,5.796000003814697
2011-05-26,TSLA,5.895999908447266
2011-05-27,TSLA,5.909999847412109
2011-05-31,TSLA,6.027999877929688
2011-06-01,TSLA,5.703999996185303
2011-06-02,TSLA,5.751999855041504
2011-06-03,TSLA,6.026000022888184
2011-06-06,TSLA,5.739999771118164
2011-06-07,TSLA,5.673999786376953
2011-06-08,TSLA,5.423999786376953
2011-06-09,TSLA,5.52400016784668
2011-06-10,TSLA,5.572000026702881
2011-06-13,TSLA,5.685999870300293
2011-06-14,TSLA,5.71999979019165
2011-06-15,TSLA,5.464000225067139
2011-06-16,TSLA,5.300000190734863
2011-06-17,TSLA,5.300000190734863
2011-06-20,TSLA,5.202000141143799
2011-06-21,TSLA,5.50600004196167
2011-06-22,TSLA,5.441999912261963
2011-06-23,TSLA,5.541999816894531
2011-06-24,TSLA,5.513999938964844
2011-06-27,TSLA,5.492000102996826
2011-06-28,TSLA,5.622000217437744
2011-06-29,TSLA,5.6579999923706055
2011-06-30,TSLA,5.826000213623047
2011-07-01,TSLA,5.803999900817871
2011-07-05,TSLA,5.828000068664551
2011-07-06,TSLA,5.791999816894531
2011-07-07,TSLA,5.946000099182129
2011-07-08,TSLA,5.76200008392334
2011-07-11,TSLA,5.670000076293945
2011-07-12,TSLA,5.633999824523926
2011-07-13,TSLA,5.728000164031982
2011-07-14,TSLA,5.521999835968018
2011-07-15,TSLA,5.515999794006348
2011-07-18,TSLA,5.446000099182129
2011-07-19,TSLA,5.578000068664551
2011-07-20,TSLA,5.73799991607666
2011-07-21,TSLA,5.739999771118164
2011-07-22,TSLA,5.857999801635742
2011-07-25,TSLA,5.697999954223633
2011-07-26,TSLA,5.599999904632568
2011-07-27,TSLA,5.527999877929688
2011-07-28,TSLA,5.633999824523926
2011-07-29,TSLA,5.633999824523926
2011-08-01,TSLA,5.754000186920166
2011-08-02,TSLA,5.4679999351501465
2011-08-03,TSLA,5.440000057220459
2011-08-04,TSLA,4.949999809265137
2011-08-05,TSLA,4.8480000495910645
2011-08-08,TSLA,4.728000164031982
2011-08-09,TSLA,5.01200008392334
2011-08-10,TSLA,4.763999938964844
2011-08-11,TSLA,5.059999942779541
2011-08-12,TSLA,5.26200008392334
2011-08-15,TSLA,5.245999813079834
2011-08-16,TSLA,5.21999979019165
2011-08-17,TSLA,5.165999889373779
2011-08-18,TSLA,4.852000236511231
2011-08-19,TSLA,4.460000038146973
2011-08-22,TSLA,4.389999866485596
2011-08-23,TSLA,4.5920000076293945
2011-08-24,TSLA,4.77400016784668
2011-08-25,TSLA,4.622000217437744
2011-08-26,TSLA,4.745999813079834
2011-08-29,TSLA,4.941999912261963
2011-08-30,TSLA,4.926000118255615
2011-08-31,TSLA,4.947999954223633
2011-09-01,TSLA,4.800000190734863
2011-09-02,TSLA,4.613999843597412
2011-09-06,TSLA,4.5879998207092285
2011-09-07,TSLA,4.76800012588501
2011-09-08,TSLA,4.7220001220703125
2011-09-09,TSLA,4.593999862670898
2011-09-12,TSLA,4.576000213623047
2011-09-13,TSLA,4.815999984741211
2011-09-14,TSLA,4.868000030517578
2011-09-15,TSLA,4.964000225067139
2011-09-16,TSLA,5.159999847412109
2011-09-19,TSLA,5.15399980545044
2011-09-20,TSLA,5.202000141143799
2011-09-21,TSLA,5.170000076293945
2011-09-22,TSLA,5.125999927520752
2011-09-23,TSLA,5.276000022888184
2011-09-26,TSLA,5.104000091552734
2011-09-27,TSLA,5.23799991607666
2011-09-28,TSLA,4.918000221252441
2011-09-29,TSLA,4.823999881744385
2011-09-30,TSLA,4.877999782562256
2011-10-03,TSLA,4.745999813079834
2011-10-04,TSLA,4.73199987411499
2011-10-05,TSLA,5.073999881744385
2011-10-06,TSLA,5.392000198364258
2011-10-07,TSLA,5.3979997634887695
2011-10-10,TSLA,5.576000213623047
2011-10-11,TSLA,5.521999835968018
2011-10-12,TSLA,5.559999942779541
2011-10-13,TSLA,5.5879998207092285
2011-10-14,TSLA,5.610000133514404
2011-10-17,TSLA,5.484000205993652
2011-10-18,TSLA,5.668000221252441
2011-10-19,TSLA,5.513999938964844
2011-10-20,TSLA,5.4679999351501465
2011-10-21,TSLA,5.605999946594238
2011-10-24,TSLA,5.710000038146973
2011-10-25,TSLA,5.650000095367432
2011-10-26,TSLA,5.5960001945495605
2011-10-27,TSLA,5.751999855041504
2011-10-28,TSLA,5.973999977111816
2011-10-31,TSLA,5.874000072479248
2011-11-01,TSLA,5.776000022888184
2011-11-02,TSLA,5.742000102996826
2011-11-03,TSLA,6.492000102996826
2011-11-04,TSLA,6.461999893188477
2011-11-07,TSLA,6.254000186920166
2011-11-08,TSLA,6.368000030517578
2011-11-09,TSLA,6.176000118255615
2011-11-10,TSLA,6.265999794006348
2011-11-11,TSLA,6.728000164031982
2011-11-14,TSLA,6.644000053405762
2011-11-15,TSLA,6.785999774932861
2011-11-16,TSLA,6.98799991607666
2011-11-17,TSLA,6.736000061035156
2011-11-18,TSLA,6.519999980926514
2011-11-21,TSLA,6.352000236511231
2011-11-22,TSLA,6.414000034332275
2011-11-23,TSLA,6.289999961853027
2011-11-25,TSLA,6.331999778747559
2011-11-28,TSLA,6.51200008392334
2011-11-29,TSLA,6.349999904632568
2011-11-30,TSLA,6.547999858856201
2011-12-01,TSLA,6.519999980926514
2011-12-02,TSLA,6.659999847412109
2011-12-05,TSLA,6.883999824523926
2011-12-06,TSLA,6.973999977111816
2011-12-07,TSLA,6.8379998207092285
2011-12-08,TSLA,6.177999973297119
2011-12-09,TSLA,6.208000183105469
2011-12-12,TSLA,6.081999778747559
2011-12-13,TSLA,5.889999866485596
2011-12-14,TSLA,5.705999851226807
2011-12-15,TSLA,5.723999977111816
2011-12-16,TSLA,5.599999904632568
2011-12-19,TSLA,5.550000190734863
2011-12-20,TSLA,5.579999923706055
2011-12-21,TSLA,5.513999938964844
2011-12-22,TSLA,5.553999900817871
2011-12-23,TSLA,5.579999923706055
2011-12-27,TSLA,5.714000225067139
2011-12-28,TSLA,5.702000141143799
2011-12-29,TSLA,5.745999813079834
2011-12-30,TSLA,5.711999893188477
2012-01-03,TSLA,5.616000175476074
2012-01-04,TSLA,5.541999816894531
2012-01-05,TSLA,5.423999786376953
2012-01-06,TSLA,5.381999969482422
2012-01-09,TSLA,5.449999809265137
2012-01-10,TSLA,5.52400016784668
2012-01-11,TSLA,5.645999908447266
2012-01-12,TSLA,5.650000095367432
2012-01-13,TSLA,4.558000087738037
2012-01-17,TSLA,5.320000171661377
2012-01-18,TSLA,5.361999988555908
2012-01-19,TSLA,5.352000236511231
2012-01-20,TSLA,5.320000171661377
2012-01-23,TSLA,5.354000091552734
2012-01-24,TSLA,5.484000205993652
2012-01-25,TSLA,5.593999862670898
2012-01-26,TSLA,5.788000106811523
2012-01-27,TSLA,5.866000175476074
2012-01-30,TSLA,5.914000034332275
2012-01-31,TSLA,5.814000129699707
2012-02-01,TSLA,5.915999889373779
2012-02-02,TSLA,6.050000190734863
2012-02-03,TSLA,6.230000019073486
2012-02-06,TSLA,6.360000133514404
2012-02-07,TSLA,6.320000171661377
2012-02-08,TSLA,6.386000156402588
2012-02-09,TSLA,6.515999794006348
2012-02-10,TSLA,6.21999979019165
2012-02-13,TSLA,6.297999858856201
2012-02-14,TSLA,6.633999824523926
2012-02-15,TSLA,6.71999979019165
2012-02-16,TSLA,6.835999965667725
2012-02-17,TSLA,6.99399995803833
2012-02-21,TSLA,6.900000095367432
2012-02-22,TSLA,6.843999862670898
2012-02-23,TSLA,6.906000137329102
2012-02-24,TSLA,6.75
2012-02-27,TSLA,6.723999977111816
2012-02-28,TSLA,6.76200008392334
2012-02-29,TSLA,6.682000160217285
2012-03-01,TSLA,6.881999969482422
2012-03-02,TSLA,6.808000087738037
2012-03-05,TSLA,6.754000186920166
2012-03-06,TSLA,6.622000217437744
2012-03-07,TSLA,6.624000072479248
2012-03-08,TSLA,6.613999843597412
2012-03-09,TSLA,6.947999954223633
2012-03-12,TSLA,7.202000141143799
2012-03-13,TSLA,7.217999935150146
2012-03-14,TSLA,7.058000087738037
2012-03-15,TSLA,7.0
2012-03-16,TSLA,7.064000129699707
2012-03-19,TSLA,6.995999813079834
2012-03-20,TSLA,6.992000102996826
2012-03-21,TSLA,7.03000020980835
2012-03-22,TSLA,6.880000114440918
2012-03-23,TSLA,6.815999984741211
2012-03-26,TSLA,7.480000019073486
2012-03-27,TSLA,7.5879998207092285
2012-03-28,TSLA,7.570000171661377
2012-03-29,TSLA,7.466000080108643
2012-03-30,TSLA,7.447999954223633
2012-04-02,TSLA,7.315999984741211
2012-04-03,TSLA,7.6020002365112305
2012-04-04,TSLA,7.0
2012-04-05,TSLA,6.895999908447266
2012-04-09,TSLA,6.630000114440918
2012-04-10,TSLA,6.492000102996826
2012-04-11,TSLA,6.618000030517578
2012-04-12,TSLA,6.688000202178955
2012-04-13,TSLA,6.7179999351501465
2012-04-16,TSLA,6.449999809265137
2012-04-17,TSLA,6.447999954223633
2012-04-18,TSLA,6.5320000648498535
2012-04-19,TSLA,6.631999969482422
2012-04-20,TSLA,6.631999969482422
2012-04-23,TSLA,6.388000011444092
2012-04-24,TSLA,6.363999843597412
2012-04-25,TSLA,6.581999778747559
2012-04-26,TSLA,6.697999954223633
2012-04-27,TSLA,6.668000221252441
2012-04-30,TSLA,6.625999927520752
2012-05-01,TSLA,6.75600004196167
2012-05-02,TSLA,6.788000106811523
2012-05-03,TSLA,6.492000102996826
2012-05-04,TSLA,6.366000175476074
2012-05-07,TSLA,6.49399995803833
2012-05-08,TSLA,6.038000106811523
2012-05-09,TSLA,6.01200008392334
2012-05-10,TSLA,6.5920000076293945
2012-05-11,TSLA,6.449999809265137
2012-05-14,TSLA,6.01200008392334
2012-05-15,TSLA,5.886000156402588
2012-05-16,TSLA,5.835999965667725
2012-05-17,TSLA,5.714000225067139
2012-05-18,TSLA,5.51200008392334
2012-05-21,TSLA,5.754000186920166
2012-05-22,TSLA,6.159999847412109
2012-05-23,TSLA,6.203999996185303
2012-05-24,TSLA,6.056000232696533
2012-05-25,TSLA,5.961999893188477
2012-05-29,TSLA,6.3379998207092285
2012-05-30,TSLA,6.081999778747559
2012-05-31,TSLA,5.900000095367432
2012-06-01,TSLA,5.630000114440918
2012-06-04,TSLA,5.576000213623047
2012-06-05,TSLA,5.581999778747559
2012-06-06,TSLA,5.843999862670898
2012-06-07,TSLA,5.785999774932861
2012-06-08,TSLA,6.015999794006348
2012-06-11,TSLA,5.823999881744385
2012-06-12,TSLA,5.932000160217285
2012-06-13,TSLA,5.953999996185303
2012-06-14,TSLA,5.877999782562256
2012-06-15,TSLA,5.98199987411499
2012-06-18,TSLA,6.368000030517578
2012-06-19,TSLA,6.418000221252441
2012-06-20,TSLA,6.75600004196167
2012-06-21,TSLA,6.438000202178955
2012-06-22,TSLA,6.757999897003174
2012-06-25,TSLA,6.622000217437744
2012-06-26,TSLA,6.322000026702881
2012-06-27,TSLA,6.392000198364258
2012-06-28,TSLA,6.2820000648498535
2012-06-29,TSLA,6.257999897003174
2012-07-02,TSLA,6.079999923706055
2012-07-03,TSLA,6.131999969482422
2012-07-05,TSLA,6.245999813079834
2012-07-06,TSLA,6.197999954223633
2012-07-09,TSLA,6.297999858856201
2012-07-10,TSLA,6.254000186920166
2012-07-11,TSLA,6.302000045776367
2012-07-12,TSLA,6.539999961853027
2012-07-13,TSLA,6.849999904632568
2012-07-16,TSLA,7.191999912261963
2012-07-17,TSLA,6.670000076293945
2012-07-18,TSLA,6.429999828338623
2012-07-19,TSLA,6.453999996185303
2012-07-20,TSLA,6.357999801635742
2012-07-23,TSLA,6.131999969482422
2012-07-24,TSLA,5.9679999351501465
2012-07-25,TSLA,5.789999961853027
2012-07-26,TSLA,5.625999927520752
2012-07-27,TSLA,5.901999950408936
2012-07-30,TSLA,5.46999979019165
2012-07-31,TSLA,5.484000205993652
2012-08-01,TSLA,5.25
2012-08-02,TSLA,5.21999979019165
2012-08-03,TSLA,5.453999996185303
2012-08-06,TSLA,5.65399980545044
2012-08-07,TSLA,6.050000190734863
2012-08-08,TSLA,5.817999839782715
2012-08-09,TSLA,5.881999969482422
2012-08-10,TSLA,5.98799991607666
2012-08-13,TSLA,6.234000205993652
2012-08-14,TSLA,5.883999824523926
2012-08-15,TSLA,5.880000114440918
2012-08-16,TSLA,6.059999942779541
2012-08-17,TSLA,6.001999855041504
2012-08-20,TSLA,5.901999950408936
2012-08-21,TSLA,5.822000026702881
2012-08-22,TSLA,5.989999771118164
2012-08-23,TSLA,6.145999908447266
2012-08-24,TSLA,5.900000095367432
2012-08-27,TSLA,5.664000034332275
2012-08-28,TSLA,5.73799991607666
2012-08-29,TSLA,5.682000160217285
2012-08-30,TSLA,5.682000160217285
2012-08-31,TSLA,5.703999996185303
2012-09-04,TSLA,5.627999782562256
2012-09-05,TSLA,5.5879998207092285
2012-09-06,TSLA,5.710000038146973
2012-09-07,TSLA,5.869999885559082
2012-09-10,TSLA,5.473999977111816
2012-09-11,TSLA,5.559999942779541
2012-09-12,TSLA,5.656000137329102
2012-09-13,TSLA,5.895999908447266
2012-09-14,TSLA,6.078000068664551
2012-09-17,TSLA,6.507999897003174
2012-09-18,TSLA,6.26800012588501
2012-09-19,TSLA,6.210000038146973
2012-09-20,TSLA,6.179999828338623
2012-09-21,TSLA,6.004000186920166
2012-09-24,TSLA,6.131999969482422
2012-09-25,TSLA,5.5320000648498535
2012-09-26,TSLA,5.507999897003174
2012-09-27,TSLA,5.697999954223633
2012-09-28,TSLA,5.855999946594238
2012-10-01,TSLA,5.831999778747559
2012-10-02,TSLA,5.960000038146973
2012-10-03,TSLA,5.860000133514404
2012-10-04,TSLA,5.880000114440918
2012-10-05,TSLA,5.777999877929688
2012-10-08,TSLA,5.849999904632568
2012-10-09,TSLA,5.673999786376953
2012-10-10,TSLA,5.679999828338623
2012-10-11,TSLA,5.664000034332275
2012-10-12,TSLA,5.527999877929688
2012-10-15,TSLA,5.466000080108643
2012-10-16,TSLA,5.611999988555908
2012-10-17,TSLA,5.763999938964844
2012-10-18,TSLA,5.607999801635742
2012-10-19,TSLA,5.547999858856201
2012-10-22,TSLA,5.570000171661377
2012-10-23,TSLA,5.677999973297119
2012-10-24,TSLA,5.484000205993652
2012-10-25,TSLA,5.504000186920166
2012-10-26,TSLA,5.47599983215332
2012-10-31,TSLA,5.625999927520752
2012-11-01,TSLA,5.849999904632568
2012-11-02,TSLA,5.783999919891357
2012-11-05,TSLA,6.300000190734863
2012-11-06,TSLA,6.230000019073486
2012-11-07,TSLA,6.308000087738037
2012-11-08,TSLA,6.26200008392334
2012-11-09,TSLA,6.064000129699707
2012-11-12,TSLA,6.214000225067139
2012-11-13,TSLA,6.322000026702881
2012-11-14,TSLA,6.276000022888184
2012-11-15,TSLA,6.164000034332275
2012-11-16,TSLA,6.368000030517578
2012-11-19,TSLA,6.584000110626221
2012-11-20,TSLA,6.599999904632568
2012-11-21,TSLA,6.49399995803833
2012-11-23,TSLA,6.426000118255615
2012-11-26,TSLA,6.453999996185303
2012-11-27,TSLA,6.429999828338623
2012-11-28,TSLA,6.645999908447266
2012-11-29,TSLA,6.73799991607666
2012-11-30,TSLA,6.763999938964844
2012-12-03,TSLA,6.923999786376953
2012-12-04,TSLA,6.78000020980835
2012-12-05,TSLA,6.742000102996826
2012-12-06,TSLA,6.78000020980835
2012-12-07,TSLA,6.834000110626221
2012-12-10,TSLA,6.914000034332275
2012-12-11,TSLA,7.056000232696533
2012-12-12,TSLA,7.052000045776367
2012-12-13,TSLA,6.7220001220703125
2012-12-14,TSLA,6.76200008392334
2012-12-17,TSLA,6.880000114440918
2012-12-18,TSLA,6.918000221252441
2012-12-19,TSLA,6.921999931335449
2012-12-20,TSLA,6.886000156402588
2012-12-21,TSLA,6.800000190734863
2012-12-24,TSLA,6.855999946594238
2012-12-26,TSLA,6.7179999351501465
2012-12-27,TSLA,6.73799991607666
2012-12-28,TSLA,6.644000053405762
2012-12-31,TSLA,6.77400016784668
2013-01-02,TSLA,7.072000026702881
2013-01-03,TSLA,6.953999996185303
2013-01-04,TSLA,6.880000114440918
2013-01-07,TSLA,6.868000030517578
2013-01-08,TSLA,6.736000061035156
2013-01-09,TSLA,6.728000164031982
2013-01-10,TSLA,6.705999851226807
2013-01-11,TSLA,6.581999778747559
2013-01-14,TSLA,6.651999950408936
2013-01-15,TSLA,6.78000020980835
2013-01-16,TSLA,6.820000171661377
2013-01-17,TSLA,6.875999927520752
2013-01-18,TSLA,6.90399980545044
2013-01-22,TSLA,7.038000106811523
2013-01-23,TSLA,7.199999809265137
2013-01-24,TSLA,7.3979997634887695
2013-01-25,TSLA,7.395999908447266
2013-01-28,TSLA,7.605999946594238
2013-01-29,TSLA,7.590000152587891
2013-01-30,TSLA,7.504000186920166
2013-01-31,TSLA,7.501999855041504
2013-02-01,TSLA,7.659999847412109
2013-02-04,TSLA,7.547999858856201
2013-02-05,TSLA,7.625999927520752
2013-02-06,TSLA,7.834000110626221
2013-02-07,TSLA,7.895999908447266
2013-02-08,TSLA,7.848000049591064
2013-02-11,TSLA,7.684000015258789
2013-02-12,TSLA,7.578000068664551
2013-02-13,TSLA,7.690000057220459
2013-02-14,TSLA,7.653999805450439
2013-02-15,TSLA,7.407999992370605
2013-02-19,TSLA,7.855999946594238
2013-02-20,TSLA,7.708000183105469
2013-02-21,TSLA,7.0320000648498535
2013-02-22,TSLA,7.222000122070312
2013-02-25,TSLA,6.875999927520752
2013-02-26,TSLA,6.886000156402588
2013-02-27,TSLA,7.019999980926514
2013-02-28,TSLA,6.966000080108643
2013-03-01,TSLA,6.929999828338623
2013-03-04,TSLA,7.116000175476074
2013-03-05,TSLA,7.329999923706055
2013-03-06,TSLA,7.538000106811523
2013-03-07,TSLA,7.645999908447266
2013-03-08,TSLA,7.693999767303467
2013-03-11,TSLA,7.820000171661377
2013-03-12,TSLA,7.823999881744385
2013-03-13,TSLA,7.796000003814697
2013-03-14,TSLA,7.369999885559082
2013-03-15,TSLA,7.058000087738037
2013-03-18,TSLA,7.03000020980835
2013-03-19,TSLA,7.015999794006348
2013-03-20,TSLA,7.190000057220459
2013-03-21,TSLA,7.202000141143799
2013-03-22,TSLA,7.323999881744385
2013-03-25,TSLA,7.50600004196167
2013-03-26,TSLA,7.572000026702881
2013-03-27,TSLA,7.631999969482422
2013-03-28,TSLA,7.578000068664551
2013-04-01,TSLA,8.78600025177002
2013-04-02,TSLA,8.868000030517578
2013-04-03,TSLA,8.220000267028809
2013-04-04,TSLA,8.402000427246094
2013-04-05,TSLA,8.27400016784668
2013-04-08,TSLA,8.366000175476074
2013-04-09,TSLA,8.100000381469727
2013-04-10,TSLA,8.371999740600586
2013-04-11,TSLA,8.718000411987305
2013-04-12,TSLA,8.75
2013-04-15,TSLA,8.65999984741211
2013-04-16,TSLA,9.118000030517578
2013-04-17,TSLA,9.09000015258789
2013-04-18,TSLA,9.394000053405762
2013-04-19,TSLA,9.565999984741213
2013-04-22,TSLA,10.038000106811523
2013-04-23,TSLA,10.20199966430664
2013-04-24,TSLA,10.086000442504885
2013-04-25,TSLA,10.399999618530272
2013-04-26,TSLA,10.239999771118164
2013-04-29,TSLA,10.98799991607666
2013-04-30,TSLA,10.79800033569336
2013-05-01,TSLA,10.656000137329102
2013-05-02,TSLA,10.821999549865724
2013-05-03,TSLA,10.90999984741211
2013-05-06,TSLA,11.899999618530272
2013-05-07,TSLA,11.10200023651123
2013-05-08,TSLA,11.157999992370604
2013-05-09,TSLA,13.880000114440918
2013-05-10,TSLA,15.35200023651123
2013-05-13,TSLA,17.559999465942383
2013-05-14,TSLA,16.648000717163086
2013-05-15,TSLA,16.968000411987305
2013-05-16,TSLA,18.450000762939453
2013-05-17,TSLA,18.299999237060547
2013-05-20,TSLA,17.988000869750977
2013-05-21,TSLA,17.51799964904785
2013-05-22,TSLA,17.447999954223633
2013-05-23,TSLA,18.54599952697754
2013-05-24,TSLA,19.416000366210938
2013-05-28,TSLA,22.06599998474121
2013-05-29,TSLA,20.926000595092773
2013-05-30,TSLA,20.989999771118164
2013-05-31,TSLA,19.552000045776367
2013-06-03,TSLA,18.51799964904785
2013-06-04,TSLA,18.968000411987305
2013-06-05,TSLA,19.073999404907227
2013-06-06,TSLA,19.46999931335449
2013-06-07,TSLA,20.40800094604492
2013-06-10,TSLA,20.01000022888184
2013-06-11,TSLA,18.893999099731445
2013-06-12,TSLA,19.54599952697754
2013-06-13,TSLA,19.63599967956543
2013-06-14,TSLA,20.059999465942383
2013-06-17,TSLA,20.440000534057617
2013-06-18,TSLA,20.67799949645996
2013-06-19,TSLA,20.93600082397461
2013-06-20,TSLA,20.1299991607666
2013-06-21,TSLA,19.90999984741211
2013-06-24,TSLA,20.29800033569336
2013-06-25,TSLA,20.479999542236328
2013-06-26,TSLA,21.143999099731445
2013-06-27,TSLA,21.850000381469727
2013-06-28,TSLA,21.472000122070312
2013-07-01,TSLA,23.43600082397461
2013-07-02,TSLA,23.56399917602539
2013-07-03,TSLA,23.04800033569336
2013-07-05,TSLA,24.01799964904785
2013-07-08,TSLA,24.32200050354004
2013-07-09,TSLA,24.690000534057617
2013-07-10,TSLA,24.45400047302246
2013-07-11,TSLA,25.121999740600582
2013-07-12,TSLA,25.979999542236328
2013-07-15,TSLA,25.45199966430664
2013-07-16,TSLA,21.809999465942383
2013-07-17,TSLA,24.049999237060547
2013-07-18,TSLA,23.80599975585937
2013-07-19,TSLA,23.93600082397461
2013-07-22,TSLA,24.48600006103516
2013-07-23,TSLA,24.54800033569336
2013-07-24,TSLA,24.34000015258789
2013-07-25,TSLA,24.81399917602539
2013-07-26,TSLA,25.87800025939941
2013-07-29,TSLA,26.923999786376957
2013-07-30,TSLA,26.347999572753903
2013-07-31,TSLA,26.856000900268555
2013-08-01,TSLA,27.11000061035156
2013-08-02,TSLA,27.600000381469727
2013-08-05,TSLA,28.93600082397461
2013-08-06,TSLA,28.43000030517578
2013-08-07,TSLA,26.84600067138672
2013-08-08,TSLA,30.69599914550781
2013-08-09,TSLA,30.600000381469727
2013-08-12,TSLA,29.47599983215332
2013-08-13,TSLA,29.086000442504883
2013-08-14,TSLA,27.871999740600582
2013-08-15,TSLA,27.93400001525879
2013-08-16,TSLA,28.399999618530277
2013-08-19,TSLA,28.979999542236328
2013-08-20,TSLA,29.916000366210938
2013-08-21,TSLA,29.57200050354004
2013-08-22,TSLA,31.420000076293945
2013-08-23,TSLA,32.36800003051758
2013-08-26,TSLA,32.84400177001953
2013-08-27,TSLA,33.402000427246094
2013-08-28,TSLA,33.290000915527344
2013-08-29,TSLA,33.21200180053711
2013-08-30,TSLA,33.79999923706055
2013-09-03,TSLA,33.78799819946289
2013-09-04,TSLA,34.124000549316406
2013-09-05,TSLA,33.98600006103516
2013-09-06,TSLA,33.39400100708008
2013-09-09,TSLA,32.13999938964844
2013-09-10,TSLA,33.27399826049805
2013-09-11,TSLA,32.70399856567383
2013-09-12,TSLA,32.98600006103516
2013-09-13,TSLA,33.108001708984375
2013-09-16,TSLA,33.316001892089844
2013-09-17,TSLA,33.24599838256836
2013-09-18,TSLA,33.24399948120117
2013-09-19,TSLA,35.58399963378906
2013-09-20,TSLA,36.678001403808594
2013-09-23,TSLA,36.22200012207031
2013-09-24,TSLA,36.46599960327149
2013-09-25,TSLA,37.04800033569336
2013-09-26,TSLA,37.72800064086914
2013-09-27,TSLA,38.18000030517578
2013-09-30,TSLA,38.67399978637695
2013-10-01,TSLA,38.59999847412109
2013-10-02,TSLA,36.18999862670898
2013-10-03,TSLA,34.6619987487793
2013-10-04,TSLA,36.19599914550781
2013-10-07,TSLA,36.61399841308594
2013-10-08,TSLA,34.94599914550781
2013-10-09,TSLA,33.75600051879883
2013-10-10,TSLA,34.58599853515625
2013-10-11,TSLA,35.7400016784668
2013-10-14,TSLA,35.944000244140625
2013-10-15,TSLA,36.78799819946289
2013-10-16,TSLA,36.71200180053711
2013-10-17,TSLA,36.560001373291016
2013-10-18,TSLA,36.68000030517578
2013-10-21,TSLA,34.52000045776367
2013-10-22,TSLA,34.30799865722656
2013-10-23,TSLA,32.900001525878906
2013-10-24,TSLA,34.630001068115234
2013-10-25,TSLA,33.93199920654297
2013-10-28,TSLA,32.571998596191406
2013-10-29,TSLA,32.89400100708008
2013-10-30,TSLA,31.8439998626709
2013-10-31,TSLA,31.988000869750977
2013-11-01,TSLA,32.43399810791016
2013-11-04,TSLA,35.040000915527344
2013-11-05,TSLA,35.36199951171875
2013-11-06,TSLA,30.23200035095215
2013-11-07,TSLA,27.95400047302246
2013-11-08,TSLA,27.59000015258789
2013-11-11,TSLA,28.940000534057617
2013-11-12,TSLA,27.559999465942383
2013-11-13,TSLA,27.739999771118164
2013-11-14,TSLA,27.520000457763672
2013-11-15,TSLA,27.09000015258789
2013-11-18,TSLA,24.31599998474121
2013-11-19,TSLA,25.218000411987305
2013-11-20,TSLA,24.222000122070312
2013-11-21,TSLA,24.420000076293945
2013-11-22,TSLA,24.275999069213867
2013-11-25,TSLA,24.167999267578125
2013-11-26,TSLA,24.100000381469727
2013-11-27,TSLA,25.38800048828125
2013-11-29,TSLA,25.45599937438965
2013-12-02,TSLA,24.833999633789062
2013-12-03,TSLA,28.940000534057617
2013-12-04,TSLA,27.790000915527344
2013-12-05,TSLA,28.09600067138672
2013-12-06,TSLA,27.472000122070312
2013-12-09,TSLA,28.31999969482422
2013-12-10,TSLA,28.4379997253418
2013-12-11,TSLA,27.93000030517578
2013-12-12,TSLA,29.49399948120117
2013-12-13,TSLA,29.530000686645508
2013-12-16,TSLA,29.58799934387207
2013-12-17,TSLA,30.492000579833984
2013-12-18,TSLA,29.59600067138672
2013-12-19,TSLA,28.143999099731445
2013-12-20,TSLA,28.64800071716309
2013-12-23,TSLA,28.709999084472656
2013-12-24,TSLA,30.28199958801269
2013-12-26,TSLA,31.100000381469727
2013-12-27,TSLA,30.224000930786133
2013-12-30,TSLA,30.488000869750977
2013-12-31,TSLA,30.086000442504883
2014-01-02,TSLA,30.020000457763672
2014-01-03,TSLA,29.91200065612793
2014-01-06,TSLA,29.399999618530277
2014-01-07,TSLA,29.871999740600582
2014-01-08,TSLA,30.256000518798828
2014-01-09,TSLA,29.506000518798828
2014-01-10,TSLA,29.143999099731445
2014-01-13,TSLA,27.868000030517575
2014-01-14,TSLA,32.25400161743164
2014-01-15,TSLA,32.82600021362305
2014-01-16,TSLA,34.194000244140625
2014-01-17,TSLA,34.00199890136719
2014-01-21,TSLA,35.33599853515625
2014-01-22,TSLA,35.71200180053711
2014-01-23,TSLA,36.29999923706055
2014-01-24,TSLA,34.91999816894531
2014-01-27,TSLA,33.92399978637695
2014-01-28,TSLA,35.67599868774414
2014-01-29,TSLA,35.04600143432617
2014-01-30,TSLA,36.56800079345703
2014-01-31,TSLA,36.28200149536133
2014-02-03,TSLA,35.422000885009766
2014-02-04,TSLA,35.74599838256836
2014-02-05,TSLA,34.88399887084961
2014-02-06,TSLA,35.67599868774414
2014-02-07,TSLA,37.305999755859375
2014-02-10,TSLA,39.3120002746582
2014-02-11,TSLA,39.32400131225586
2014-02-12,TSLA,39.06399917602539
2014-02-13,TSLA,39.92599868774414
2014-02-14,TSLA,39.64599990844727
2014-02-18,TSLA,40.7400016784668
2014-02-19,TSLA,38.72800064086914
2014-02-20,TSLA,41.99399948120117
2014-02-21,TSLA,41.91999816894531
2014-02-24,TSLA,43.52999877929688
2014-02-25,TSLA,49.59999847412109
2014-02-26,TSLA,50.59999847412109
2014-02-27,TSLA,50.507999420166016
2014-02-28,TSLA,48.96200180053711
2014-03-03,TSLA,50.11199951171875
2014-03-04,TSLA,50.96799850463867
2014-03-05,TSLA,50.53200149536133
2014-03-06,TSLA,50.5880012512207
2014-03-07,TSLA,49.242000579833984
2014-03-10,TSLA,47.76800155639648
2014-03-11,TSLA,46.88199996948242
2014-03-12,TSLA,48.29800033569336
2014-03-13,TSLA,47.55799865722656
2014-03-14,TSLA,46.19400024414063
2014-03-17,TSLA,46.79600143432617
2014-03-18,TSLA,48.007999420166016
2014-03-19,TSLA,47.167999267578125
2014-03-20,TSLA,46.98199844360352
2014-03-21,TSLA,45.77799987792969
2014-03-24,TSLA,44.03400039672852
2014-03-25,TSLA,44.0880012512207
2014-03-26,TSLA,42.59199905395508
2014-03-27,TSLA,41.4640007019043
2014-03-28,TSLA,42.4739990234375
2014-03-31,TSLA,41.68999862670898
2014-04-01,TSLA,43.39400100708008
2014-04-02,TSLA,46.05799865722656
2014-04-03,TSLA,45.08000183105469
2014-04-04,TSLA,42.44599914550781
2014-04-07,TSLA,41.50400161743164
2014-04-08,TSLA,43.09199905395508
2014-04-09,TSLA,43.38600158691406
2014-04-10,TSLA,40.8380012512207
2014-04-11,TSLA,40.75600051879883
2014-04-14,TSLA,39.61800003051758
2014-04-15,TSLA,38.78200149536133
2014-04-16,TSLA,39.821998596191406
2014-04-17,TSLA,39.624000549316406
2014-04-21,TSLA,40.8759994506836
2014-04-22,TSLA,43.72800064086914
2014-04-23,TSLA,41.59799957275391
2014-04-24,TSLA,41.571998596191406
2014-04-25,TSLA,39.970001220703125
2014-04-28,TSLA,39.70199966430664
2014-04-29,TSLA,41.38399887084961
2014-04-30,TSLA,41.57799911499024
2014-05-01,TSLA,41.54600143432617
2014-05-02,TSLA,42.18199920654297
2014-05-05,TSLA,43.321998596191406
2014-05-06,TSLA,41.45600128173828
2014-05-07,TSLA,40.27000045776367
2014-05-08,TSLA,35.71799850463867
2014-05-09,TSLA,36.45199966430664
2014-05-12,TSLA,36.93399810791016
2014-05-13,TSLA,38.03200149536133
2014-05-14,TSLA,38.124000549316406
2014-05-15,TSLA,37.71799850463867
2014-05-16,TSLA,38.3120002746582
2014-05-19,TSLA,39.21799850463867
2014-05-20,TSLA,39.060001373291016
2014-05-21,TSLA,39.88999938964844
2014-05-22,TSLA,40.97600173950195
2014-05-23,TSLA,41.459999084472656
2014-05-27,TSLA,42.3120002746582
2014-05-28,TSLA,42.04800033569336
2014-05-29,TSLA,42.04800033569336
2014-05-30,TSLA,41.55400085449219
2014-06-02,TSLA,40.93999862670898
2014-06-03,TSLA,40.98799896240234
2014-06-04,TSLA,40.79800033569336
2014-06-05,TSLA,41.380001068115234
2014-06-06,TSLA,41.63399887084961
2014-06-09,TSLA,41.0620002746582
2014-06-10,TSLA,40.459999084472656
2014-06-11,TSLA,40.89400100708008
2014-06-12,TSLA,40.70399856567383
2014-06-13,TSLA,41.28400039672852
2014-06-16,TSLA,44.922000885009766
2014-06-17,TSLA,46.33399963378906
2014-06-18,TSLA,45.42399978637695
2014-06-19,TSLA,45.55799865722656
2014-06-20,TSLA,45.917999267578125
2014-06-23,TSLA,47.44400024414063
2014-06-24,TSLA,46.5
2014-06-25,TSLA,47.37799835205078
2014-06-26,TSLA,47.119998931884766
2014-06-27,TSLA,47.8120002746582
2014-06-30,TSLA,48.012001037597656
2014-07-01,TSLA,47.94400024414063
2014-07-02,TSLA,45.88600158691406
2014-07-03,TSLA,45.84999847412109
2014-07-07,TSLA,44.53200149536133
2014-07-08,TSLA,43.81399917602539
2014-07-09,TSLA,44.61199951171875
2014-07-10,TSLA,43.891998291015625
2014-07-11,TSLA,43.6259994506836
2014-07-14,TSLA,45.34000015258789
2014-07-15,TSLA,43.91600036621094
2014-07-16,TSLA,43.43199920654297
2014-07-17,TSLA,43.08000183105469
2014-07-18,TSLA,44.00400161743164
2014-07-21,TSLA,44.108001708984375
2014-07-22,TSLA,43.91600036621094
2014-07-23,TSLA,44.49800109863281
2014-07-24,TSLA,44.70800018310547
2014-07-25,TSLA,44.7140007019043
2014-07-28,TSLA,44.9640007019043
2014-07-29,TSLA,45.00199890136719
2014-07-30,TSLA,45.78400039672852
2014-07-31,TSLA,44.65999984741211
2014-08-01,TSLA,46.65399932861328
2014-08-04,TSLA,47.70399856567383
2014-08-05,TSLA,47.698001861572266
2014-08-06,TSLA,49.7859992980957
2014-08-07,TSLA,50.47800064086914
2014-08-08,TSLA,49.6259994506836
2014-08-11,TSLA,51.86399841308594
2014-08-12,TSLA,51.992000579833984
2014-08-13,TSLA,52.0620002746582
2014-08-14,TSLA,52.2760009765625
2014-08-15,TSLA,52.402000427246094
2014-08-18,TSLA,51.98799896240234
2014-08-19,TSLA,51.35200119018555
2014-08-20,TSLA,51.141998291015625
2014-08-21,TSLA,50.86800003051758
2014-08-22,TSLA,51.35599899291992
2014-08-25,TSLA,52.5099983215332
2014-08-26,TSLA,52.34799957275391
2014-08-27,TSLA,52.650001525878906
2014-08-28,TSLA,52.77199935913086
2014-08-29,TSLA,53.93999862670898
2014-09-02,TSLA,56.82400131225586
2014-09-03,TSLA,56.23799896240234
2014-09-04,TSLA,57.20800018310547
2014-09-05,TSLA,55.47800064086914
2014-09-08,TSLA,56.422000885009766
2014-09-09,TSLA,55.69599914550781
2014-09-10,TSLA,56.220001220703125
2014-09-11,TSLA,56.0620002746582
2014-09-12,TSLA,55.84000015258789
2014-09-15,TSLA,50.77199935913086
2014-09-16,TSLA,52.14799880981445
2014-09-17,TSLA,52.2760009765625
2014-09-18,TSLA,52.76399993896485
2014-09-19,TSLA,51.86399841308594
2014-09-22,TSLA,50.00600051879883
2014-09-23,TSLA,50.08200073242188
2014-09-24,TSLA,50.428001403808594
2014-09-25,TSLA,49.38999938964844
2014-09-26,TSLA,49.31999969482422
2014-09-29,TSLA,49.05199813842773
2014-09-30,TSLA,48.5359992980957
2014-10-01,TSLA,48.04800033569336
2014-10-02,TSLA,50.28400039672852
2014-10-03,TSLA,51.04199981689453
2014-10-06,TSLA,52.124000549316406
2014-10-07,TSLA,51.91400146484375
2014-10-08,TSLA,51.85599899291992
2014-10-09,TSLA,51.402000427246094
2014-10-10,TSLA,47.38199996948242
2014-10-13,TSLA,44.917999267578125
2014-10-14,TSLA,45.4119987487793
2014-10-15,TSLA,45.93999862670898
2014-10-16,TSLA,45.27000045776367
2014-10-17,TSLA,45.49599838256836
2014-10-20,TSLA,46.09400177001953
2014-10-21,TSLA,47.06800079345703
2014-10-22,TSLA,46.220001220703125
2014-10-23,TSLA,47.05799865722656
2014-10-24,TSLA,47.04800033569336
2014-10-27,TSLA,44.33399963378906
2014-10-28,TSLA,48.55400085449219
2014-10-29,TSLA,47.619998931884766
2014-10-30,TSLA,47.73199844360352
2014-10-31,TSLA,48.34000015258789
2014-11-03,TSLA,48.51800155639648
2014-11-04,TSLA,47.7859992980957
2014-11-05,TSLA,46.19400024414063
2014-11-06,TSLA,48.24399948120117
2014-11-07,TSLA,48.040000915527344
2014-11-10,TSLA,48.38600158691406
2014-11-11,TSLA,50.21599960327149
2014-11-12,TSLA,49.81999969482422
2014-11-13,TSLA,50.34000015258789
2014-11-14,TSLA,51.73600006103516
2014-11-17,TSLA,50.79600143432617
2014-11-18,TSLA,51.540000915527344
2014-11-19,TSLA,49.54800033569336
2014-11-20,TSLA,49.742000579833984
2014-11-21,TSLA,48.555999755859375
2014-11-24,TSLA,49.34400177001953
2014-11-25,TSLA,49.61800003051758
2014-11-26,TSLA,49.6879997253418
2014-11-28,TSLA,48.90399932861328
2014-12-01,TSLA,46.32799911499024
2014-12-02,TSLA,46.2859992980957
2014-12-03,TSLA,45.86000061035156
2014-12-04,TSLA,45.65599822998047
2014-12-05,TSLA,44.742000579833984
2014-12-08,TSLA,42.87200164794922
2014-12-09,TSLA,43.37799835205078
2014-12-10,TSLA,41.96799850463867
2014-12-11,TSLA,41.7760009765625
2014-12-12,TSLA,41.400001525878906
2014-12-15,TSLA,40.80799865722656
2014-12-16,TSLA,39.5620002746582
2014-12-17,TSLA,41.16400146484375
2014-12-18,TSLA,43.652000427246094
2014-12-19,TSLA,43.858001708984375
2014-12-22,TSLA,44.52000045776367
2014-12-23,TSLA,44.19400024414063
2014-12-24,TSLA,44.45199966430664
2014-12-26,TSLA,45.56399917602539
2014-12-29,TSLA,45.141998291015625
2014-12-30,TSLA,44.44599914550781
2014-12-31,TSLA,44.48199844360352
2015-01-02,TSLA,43.86199951171875
2015-01-05,TSLA,42.01800155639648
2015-01-06,TSLA,42.25600051879883
2015-01-07,TSLA,42.18999862670898
2015-01-08,TSLA,42.124000549316406
2015-01-09,TSLA,41.33200073242188
2015-01-12,TSLA,40.44200134277344
2015-01-13,TSLA,40.84999847412109
2015-01-14,TSLA,38.53799819946289
2015-01-15,TSLA,38.374000549316406
2015-01-16,TSLA,38.61399841308594
2015-01-20,TSLA,38.38600158691406
2015-01-21,TSLA,39.31399917602539
2015-01-22,TSLA,40.32400131225586
2015-01-23,TSLA,40.257999420166016
2015-01-26,TSLA,41.310001373291016
2015-01-27,TSLA,41.19599914550781
2015-01-28,TSLA,39.874000549316406
2015-01-29,TSLA,41.040000915527344
2015-01-30,TSLA,40.720001220703125
2015-02-02,TSLA,42.1879997253418
2015-02-03,TSLA,43.672000885009766
2015-02-04,TSLA,43.709999084472656
2015-02-05,TSLA,44.198001861572266
2015-02-06,TSLA,43.47200012207031
2015-02-09,TSLA,43.49599838256836
2015-02-10,TSLA,43.257999420166016
2015-02-11,TSLA,42.560001373291016
2015-02-12,TSLA,40.57600021362305
2015-02-13,TSLA,40.75400161743164
2015-02-17,TSLA,40.869998931884766
2015-02-18,TSLA,40.891998291015625
2015-02-19,TSLA,42.34199905395508
2015-02-20,TSLA,43.422000885009766
2015-02-23,TSLA,41.46799850463867
2015-02-24,TSLA,40.821998596191406
2015-02-25,TSLA,40.75199890136719
2015-02-26,TSLA,41.4379997253418
2015-02-27,TSLA,40.667999267578125
2015-03-02,TSLA,39.46599960327149
2015-03-03,TSLA,39.9119987487793
2015-03-04,TSLA,40.48799896240234
2015-03-05,TSLA,40.1259994506836
2015-03-06,TSLA,38.7760009765625
2015-03-09,TSLA,38.17599868774414
2015-03-10,TSLA,38.06399917602539
2015-03-11,TSLA,38.74800109863281
2015-03-12,TSLA,38.2140007019043
2015-03-13,TSLA,37.73600006103516
2015-03-16,TSLA,39.13999938964844
2015-03-17,TSLA,38.94599914550781
2015-03-18,TSLA,40.141998291015625
2015-03-19,TSLA,39.130001068115234
2015-03-20,TSLA,39.61600112915039
2015-03-23,TSLA,39.92599868774414
2015-03-24,TSLA,40.34400177001953
2015-03-25,TSLA,38.86000061035156
2015-03-26,TSLA,38.08200073242188
2015-03-27,TSLA,37.0
2015-03-30,TSLA,38.11399841308594
2015-03-31,TSLA,37.75400161743164
2015-04-01,TSLA,37.51800155639648
2015-04-02,TSLA,38.20000076293945
2015-04-06,TSLA,40.619998931884766
2015-04-07,TSLA,40.650001525878906
2015-04-08,TSLA,41.53400039672852
2015-04-09,TSLA,42.01800155639648
2015-04-10,TSLA,42.18000030517578
2015-04-13,TSLA,41.95600128173828
2015-04-14,TSLA,41.492000579833984
2015-04-15,TSLA,41.56600189208984
2015-04-16,TSLA,41.34000015258789
2015-04-17,TSLA,41.358001708984375
2015-04-20,TSLA,41.05400085449219
2015-04-21,TSLA,41.88199996948242
2015-04-22,TSLA,43.88800048828125
2015-04-23,TSLA,43.720001220703125
2015-04-24,TSLA,43.68600082397461
2015-04-27,TSLA,46.310001373291016
2015-04-28,TSLA,46.09600067138672
2015-04-29,TSLA,46.4900016784668
2015-04-30,TSLA,45.209999084472656
2015-05-01,TSLA,45.20600128173828
2015-05-04,TSLA,46.10200119018555
2015-05-05,TSLA,46.59000015258789
2015-05-06,TSLA,46.08599853515625
2015-05-07,TSLA,47.36000061035156
2015-05-08,TSLA,47.321998596191406
2015-05-11,TSLA,47.89799880981445
2015-05-12,TSLA,48.948001861572266
2015-05-13,TSLA,48.63600158691406
2015-05-14,TSLA,48.81999969482422
2015-05-15,TSLA,49.76800155639648
2015-05-18,TSLA,49.75
2015-05-19,TSLA,49.428001403808594
2015-05-20,TSLA,48.869998931884766
2015-05-21,TSLA,49.124000549316406
2015-05-22,TSLA,49.54600143432617
2015-05-26,TSLA,49.492000579833984
2015-05-27,TSLA,49.48600006103516
2015-05-28,TSLA,50.290000915527344
2015-05-29,TSLA,50.15999984741211
2015-06-01,TSLA,49.88999938964844
2015-06-02,TSLA,49.66999816894531
2015-06-03,TSLA,49.79800033569336
2015-06-04,TSLA,49.18399810791016
2015-06-05,TSLA,49.82799911499024
2015-06-08,TSLA,51.257999420166016
2015-06-09,TSLA,51.20000076293945
2015-06-10,TSLA,50.13999938964844
2015-06-11,TSLA,50.28200149536133
2015-06-12,TSLA,50.13800048828125
2015-06-15,TSLA,50.07600021362305
2015-06-16,TSLA,50.624000549316406
2015-06-17,TSLA,52.08200073242188
2015-06-18,TSLA,52.37799835205078
2015-06-19,TSLA,52.50199890136719
2015-06-22,TSLA,51.95800018310547
2015-06-23,TSLA,53.53400039672852
2015-06-24,TSLA,53.03400039672852
2015-06-25,TSLA,53.757999420166016
2015-06-26,TSLA,53.417999267578125
2015-06-29,TSLA,52.40399932861328
2015-06-30,TSLA,53.652000427246094
2015-07-01,TSLA,53.83000183105469
2015-07-02,TSLA,56.00400161743164
2015-07-06,TSLA,55.94400024414063
2015-07-07,TSLA,53.57600021362305
2015-07-08,TSLA,50.992000579833984
2015-07-09,TSLA,51.58399963378906
2015-07-10,TSLA,51.83000183105469
2015-07-13,TSLA,52.43199920654297
2015-07-14,TSLA,53.130001068115234
2015-07-15,TSLA,52.62799835205078
2015-07-16,TSLA,53.33599853515625
2015-07-17,TSLA,54.93199920654297
2015-07-20,TSLA,56.45199966430664
2015-07-21,TSLA,53.354000091552734
2015-07-22,TSLA,53.57400131225586
2015-07-23,TSLA,53.43999862670898
2015-07-24,TSLA,53.08200073242188
2015-07-27,TSLA,50.60200119018555
2015-07-28,TSLA,52.9640007019043
2015-07-29,TSLA,52.76399993896485
2015-07-30,TSLA,53.358001708984375
2015-07-31,TSLA,53.22999954223633
2015-08-03,TSLA,51.99800109863281
2015-08-04,TSLA,53.25600051879883
2015-08-05,TSLA,54.0260009765625
2015-08-06,TSLA,49.22600173950195
2015-08-07,TSLA,48.50199890136719
2015-08-10,TSLA,48.22800064086914
2015-08-11,TSLA,47.4739990234375
2015-08-12,TSLA,47.63399887084961
2015-08-13,TSLA,48.50199890136719
2015-08-14,TSLA,48.630001068115234
2015-08-17,TSLA,50.99800109863281
2015-08-18,TSLA,52.14400100708008
2015-08-19,TSLA,51.04999923706055
2015-08-20,TSLA,48.43600082397461
2015-08-21,TSLA,46.15399932861328
2015-08-24,TSLA,43.77399826049805
2015-08-25,TSLA,44.00600051879883
2015-08-26,TSLA,44.96799850463867
2015-08-27,TSLA,48.59799957275391
2015-08-28,TSLA,49.69599914550781
2015-08-31,TSLA,49.8120002746582
2015-09-01,TSLA,47.72600173950195
2015-09-02,TSLA,49.53799819946289
2015-09-03,TSLA,49.11399841308594
2015-09-04,TSLA,48.38600158691406
2015-09-08,TSLA,49.63399887084961
2015-09-09,TSLA,49.78200149536133
2015-09-10,TSLA,49.69599914550781
2015-09-11,TSLA,50.04800033569336
2015-09-14,TSLA,50.63800048828125
2015-09-15,TSLA,50.7140007019043
2015-09-16,TSLA,52.45000076293945
2015-09-17,TSLA,52.41400146484375
2015-09-18,TSLA,52.124000549316406
2015-09-21,TSLA,52.84000015258789
2015-09-22,TSLA,52.1879997253418
2015-09-23,TSLA,52.21200180053711
2015-09-24,TSLA,52.624000549316406
2015-09-25,TSLA,51.38199996948242
2015-09-28,TSLA,49.68600082397461
2015-09-29,TSLA,49.33000183105469
2015-09-30,TSLA,49.68000030517578
2015-10-01,TSLA,47.97600173950195
2015-10-02,TSLA,49.51399993896485
2015-10-05,TSLA,49.22999954223633
2015-10-06,TSLA,48.29199981689453
2015-10-07,TSLA,46.391998291015625
2015-10-08,TSLA,45.34400177001953
2015-10-09,TSLA,44.13800048828125
2015-10-12,TSLA,43.11600112915039
2015-10-13,TSLA,43.84999847412109
2015-10-14,TSLA,43.3759994506836
2015-10-15,TSLA,44.262001037597656
2015-10-16,TSLA,45.402000427246094
2015-10-19,TSLA,45.619998931884766
2015-10-20,TSLA,42.60599899291992
2015-10-21,TSLA,42.01800155639648
2015-10-22,TSLA,42.34400177001953
2015-10-23,TSLA,41.81800079345703
2015-10-26,TSLA,43.05199813842773
2015-10-27,TSLA,42.06999969482422
2015-10-28,TSLA,42.59199905395508
2015-10-29,TSLA,42.32600021362305
2015-10-30,TSLA,41.38600158691406
2015-11-02,TSLA,42.757999420166016
2015-11-03,TSLA,41.66999816894531
2015-11-04,TSLA,46.32600021362305
2015-11-05,TSLA,46.354000091552734
2015-11-06,TSLA,46.47200012207031
2015-11-09,TSLA,45.06600189208984
2015-11-10,TSLA,43.29999923706055
2015-11-11,TSLA,43.81600189208984
2015-11-12,TSLA,42.5880012512207
2015-11-13,TSLA,41.4379997253418
2015-11-16,TSLA,42.86199951171875
2015-11-17,TSLA,42.79999923706055
2015-11-18,TSLA,44.2140007019043
2015-11-19,TSLA,44.36000061035156
2015-11-20,TSLA,44.00199890136719
2015-11-23,TSLA,43.54999923706055
2015-11-24,TSLA,43.650001525878906
2015-11-25,TSLA,45.928001403808594
2015-11-27,TSLA,46.321998596191406
2015-11-30,TSLA,46.05199813842773
2015-12-01,TSLA,47.4379997253418
2015-12-02,TSLA,46.39799880981445
2015-12-03,TSLA,46.54199981689453
2015-12-04,TSLA,46.07600021362305
2015-12-07,TSLA,46.22600173950195
2015-12-08,TSLA,45.34400177001953
2015-12-09,TSLA,44.90399932861328
2015-12-10,TSLA,45.41400146484375
2015-12-11,TSLA,43.40399932861328
2015-12-14,TSLA,43.71599960327149
2015-12-15,TSLA,44.21799850463867
2015-12-16,TSLA,46.902000427246094
2015-12-17,TSLA,46.678001403808594
2015-12-18,TSLA,46.09199905395508
2015-12-21,TSLA,46.512001037597656
2015-12-22,TSLA,45.9900016784668
2015-12-23,TSLA,45.93999862670898
2015-12-24,TSLA,46.11399841308594
2015-12-28,TSLA,45.790000915527344
2015-12-29,TSLA,47.4379997253418
2015-12-30,TSLA,47.61800003051758
2015-12-31,TSLA,48.00199890136719
2016-01-04,TSLA,44.68199920654297
2016-01-05,TSLA,44.68600082397461
2016-01-06,TSLA,43.80799865722656
2016-01-07,TSLA,43.130001068115234
2016-01-08,TSLA,42.20000076293945
2016-01-11,TSLA,41.56999969482422
2016-01-12,TSLA,41.99399948120117
2016-01-13,TSLA,40.0620002746582
2016-01-14,TSLA,41.23600006103516
2016-01-15,TSLA,40.99800109863281
2016-01-19,TSLA,40.94400024414063
2016-01-20,TSLA,39.7400016784668
2016-01-21,TSLA,39.99399948120117
2016-01-22,TSLA,40.5099983215332
2016-01-25,TSLA,39.2760009765625
2016-01-26,TSLA,38.71200180053711
2016-01-27,TSLA,37.61399841308594
2016-01-28,TSLA,37.93999862670898
2016-01-29,TSLA,38.2400016784668
2016-02-01,TSLA,39.38800048828125
2016-02-02,TSLA,36.555999755859375
2016-02-03,TSLA,34.69599914550781
2016-02-04,TSLA,35.066001892089844
2016-02-05,TSLA,32.52000045776367
2016-02-08,TSLA,29.597999572753903
2016-02-09,TSLA,29.649999618530277
2016-02-10,TSLA,28.733999252319336
2016-02-11,TSLA,30.0939998626709
2016-02-12,TSLA,30.20800018310547
2016-02-16,TSLA,31.03400039672852
2016-02-17,TSLA,33.73600006103516
2016-02-18,TSLA,33.354000091552734
2016-02-19,TSLA,33.316001892089844
2016-02-22,TSLA,35.54800033569336
2016-02-23,TSLA,35.44200134277344
2016-02-24,TSLA,35.79999923706055
2016-02-25,TSLA,37.48600006103516
2016-02-26,TSLA,38.06800079345703
2016-02-29,TSLA,38.38600158691406
2016-03-01,TSLA,37.27000045776367
2016-03-02,TSLA,37.667999267578125
2016-03-03,TSLA,39.14799880981445
2016-03-04,TSLA,40.20800018310547
2016-03-07,TSLA,41.05799865722656
2016-03-08,TSLA,40.52000045776367
2016-03-09,TSLA,41.74399948120117
2016-03-10,TSLA,41.0359992980957
2016-03-11,TSLA,41.5
2016-03-14,TSLA,43.02999877929688
2016-03-15,TSLA,43.667999267578125
2016-03-16,TSLA,44.38600158691406
2016-03-17,TSLA,45.2760009765625
2016-03-18,TSLA,46.54800033569336
2016-03-21,TSLA,47.66400146484375
2016-03-22,TSLA,46.84799957275391
2016-03-23,TSLA,44.51599884033203
2016-03-24,TSLA,45.54999923706055
2016-03-28,TSLA,46.05199813842773
2016-03-29,TSLA,46.0260009765625
2016-03-30,TSLA,45.37799835205078
2016-03-31,TSLA,45.95399856567383
2016-04-01,TSLA,47.51800155639648
2016-04-04,TSLA,49.39799880981445
2016-04-05,TSLA,51.09400177001953
2016-04-06,TSLA,53.08399963378906
2016-04-07,TSLA,51.43999862670898
2016-04-08,TSLA,50.01399993896485
2016-04-11,TSLA,49.98400115966797
2016-04-12,TSLA,49.56399917602539
2016-04-13,TSLA,50.90599822998047
2016-04-14,TSLA,50.37200164794922
2016-04-15,TSLA,50.902000427246094
2016-04-18,TSLA,50.7760009765625
2016-04-19,TSLA,49.4739990234375
2016-04-20,TSLA,49.99399948120117
2016-04-21,TSLA,49.65800094604492
2016-04-22,TSLA,50.75
2016-04-25,TSLA,50.36399841308594
2016-04-26,TSLA,50.74800109863281
2016-04-27,TSLA,50.29399871826172
2016-04-28,TSLA,49.54199981689453
2016-04-29,TSLA,48.152000427246094
2016-05-02,TSLA,48.36000061035156
2016-05-03,TSLA,46.4640007019043
2016-05-04,TSLA,44.512001037597656
2016-05-05,TSLA,42.305999755859375
2016-05-06,TSLA,42.98600006103516
2016-05-09,TSLA,41.78400039672852
2016-05-10,TSLA,41.73799896240234
2016-05-11,TSLA,41.79199981689453
2016-05-12,TSLA,41.45600128173828
2016-05-13,TSLA,41.52199935913086
2016-05-16,TSLA,41.65800094604492
2016-05-17,TSLA,40.93199920654297
2016-05-18,TSLA,42.23400115966797
2016-05-19,TSLA,43.04199981689453
2016-05-20,TSLA,44.055999755859375
2016-05-23,TSLA,43.24399948120117
2016-05-24,TSLA,43.58200073242188
2016-05-25,TSLA,43.91600036621094
2016-05-26,TSLA,45.02399826049805
2016-05-27,TSLA,44.608001708984375
2016-05-31,TSLA,44.64599990844727
2016-06-01,TSLA,43.9119987487793
2016-06-02,TSLA,43.79199981689453
2016-06-03,TSLA,43.79800033569336
2016-06-06,TSLA,44.13600158691406
2016-06-07,TSLA,46.46799850463867
2016-06-08,TSLA,47.104000091552734
2016-06-09,TSLA,45.87200164794922
2016-06-10,TSLA,43.757999420166016
2016-06-13,TSLA,43.57400131225586
2016-06-14,TSLA,42.992000579833984
2016-06-15,TSLA,43.540000915527344
2016-06-16,TSLA,43.58599853515625
2016-06-17,TSLA,43.09400177001953
2016-06-20,TSLA,43.93999862670898
2016-06-21,TSLA,43.922000885009766
2016-06-22,TSLA,39.33200073242188
2016-06-23,TSLA,39.27999877929688
2016-06-24,TSLA,38.630001068115234
2016-06-27,TSLA,39.709999084472656
2016-06-28,TSLA,40.358001708984375
2016-06-29,TSLA,42.03799819946289
2016-06-30,TSLA,42.45600128173828
2016-07-01,TSLA,43.29999923706055
2016-07-05,TSLA,42.79600143432617
2016-07-06,TSLA,42.88800048828125
2016-07-07,TSLA,43.1879997253418
2016-07-08,TSLA,43.35599899291992
2016-07-11,TSLA,44.95600128173828
2016-07-12,TSLA,44.93000030517578
2016-07-13,TSLA,44.50600051879883
2016-07-14,TSLA,44.305999755859375
2016-07-15,TSLA,44.08000183105469
2016-07-18,TSLA,45.25
2016-07-19,TSLA,45.05199813842773
2016-07-20,TSLA,45.672000885009766
2016-07-21,TSLA,44.09999847412109
2016-07-22,TSLA,44.45399856567383
2016-07-25,TSLA,46.00199890136719
2016-07-26,TSLA,45.902000427246094
2016-07-27,TSLA,45.698001861572266
2016-07-28,TSLA,46.12200164794922
2016-07-29,TSLA,46.95800018310547
2016-08-01,TSLA,46.00199890136719
2016-08-02,TSLA,45.43999862670898
2016-08-03,TSLA,45.15800094604492
2016-08-04,TSLA,46.12200164794922
2016-08-05,TSLA,46.00600051879883
2016-08-08,TSLA,45.23199844360352
2016-08-09,TSLA,45.81600189208984
2016-08-10,TSLA,45.130001068115234
2016-08-11,TSLA,44.98199844360352
2016-08-12,TSLA,45.12200164794922
2016-08-15,TSLA,45.11800003051758
2016-08-16,TSLA,44.72200012207031
2016-08-17,TSLA,44.64799880981445
2016-08-18,TSLA,44.70199966430664
2016-08-19,TSLA,45.0
2016-08-22,TSLA,44.58599853515625
2016-08-23,TSLA,44.96799850463867
2016-08-24,TSLA,44.52399826049805
2016-08-25,TSLA,44.19200134277344
2016-08-26,TSLA,43.99800109863281
2016-08-29,TSLA,43.040000915527344
2016-08-30,TSLA,42.26800155639648
2016-08-31,TSLA,42.402000427246094
2016-09-01,TSLA,40.15399932861328
2016-09-02,TSLA,39.555999755859375
2016-09-06,TSLA,40.56600189208984
2016-09-07,TSLA,40.34199905395508
2016-09-08,TSLA,39.47200012207031
2016-09-09,TSLA,38.89400100708008
2016-09-12,TSLA,39.65999984741211
2016-09-13,TSLA,39.209999084472656
2016-09-14,TSLA,39.28200149536133
2016-09-15,TSLA,40.08399963378906
2016-09-16,TSLA,41.08000183105469
2016-09-19,TSLA,41.26800155639648
2016-09-20,TSLA,40.928001403808594
2016-09-21,TSLA,41.04399871826172
2016-09-22,TSLA,41.2859992980957
2016-09-23,TSLA,41.4900016784668
2016-09-26,TSLA,41.79800033569336
2016-09-27,TSLA,41.1619987487793
2016-09-28,TSLA,41.25400161743164
2016-09-29,TSLA,40.13999938964844
2016-09-30,TSLA,40.805999755859375
2016-10-03,TSLA,42.7400016784668
2016-10-04,TSLA,42.28200149536133
2016-10-05,TSLA,41.69200134277344
2016-10-06,TSLA,40.20000076293945
2016-10-07,TSLA,39.321998596191406
2016-10-10,TSLA,40.18999862670898
2016-10-11,TSLA,40.02000045776367
2016-10-12,TSLA,40.30199813842773
2016-10-13,TSLA,40.04800033569336
2016-10-14,TSLA,39.30199813842773
2016-10-17,TSLA,38.79199981689453
2016-10-18,TSLA,39.81999969482422
2016-10-19,TSLA,40.71200180053711
2016-10-20,TSLA,39.81999969482422
2016-10-21,TSLA,40.01800155639648
2016-10-24,TSLA,40.55199813842773
2016-10-25,TSLA,40.46799850463867
2016-10-26,TSLA,40.448001861572266
2016-10-27,TSLA,40.80199813842773
2016-10-28,TSLA,39.99399948120117
2016-10-31,TSLA,39.54600143432617
2016-11-01,TSLA,38.15800094604492
2016-11-02,TSLA,37.604000091552734
2016-11-03,TSLA,37.48400115966797
2016-11-04,TSLA,38.11199951171875
2016-11-07,TSLA,38.641998291015625
2016-11-08,TSLA,38.98799896240234
2016-11-09,TSLA,38.012001037597656
2016-11-10,TSLA,37.06999969482422
2016-11-11,TSLA,37.71200180053711
2016-11-14,TSLA,36.290000915527344
2016-11-15,TSLA,36.75400161743164
2016-11-16,TSLA,36.7859992980957
2016-11-17,TSLA,37.73199844360352
2016-11-18,TSLA,37.00400161743164
2016-11-21,TSLA,36.90399932861328
2016-11-22,TSLA,38.23400115966797
2016-11-23,TSLA,38.62799835205078
2016-11-25,TSLA,39.33000183105469
2016-11-28,TSLA,39.2239990234375
2016-11-29,TSLA,37.91400146484375
2016-11-30,TSLA,37.880001068115234
2016-12-01,TSLA,36.3759994506836
2016-12-02,TSLA,36.29399871826172
2016-12-05,TSLA,37.36000061035156
2016-12-06,TSLA,37.16999816894531
2016-12-07,TSLA,38.630001068115234
2016-12-08,TSLA,38.45800018310547
2016-12-09,TSLA,38.43600082397461
2016-12-12,TSLA,38.48600006103516
2016-12-13,TSLA,39.630001068115234
2016-12-14,TSLA,39.73799896240234
2016-12-15,TSLA,39.51599884033203
2016-12-16,TSLA,40.49800109863281
2016-12-19,TSLA,40.54600143432617
2016-12-20,TSLA,41.757999420166016
2016-12-21,TSLA,41.540000915527344
2016-12-22,TSLA,41.68999862670898
2016-12-23,TSLA,42.667999267578125
2016-12-27,TSLA,43.90599822998047
2016-12-28,TSLA,43.948001861572266
2016-12-29,TSLA,42.93600082397461
2016-12-30,TSLA,42.73799896240234
2017-01-03,TSLA,43.39799880981445
2017-01-04,TSLA,45.39799880981445
2017-01-05,TSLA,45.34999847412109
2017-01-06,TSLA,45.80199813842773
2017-01-09,TSLA,46.25600051879883
2017-01-10,TSLA,45.9739990234375
2017-01-11,TSLA,45.94599914550781
2017-01-12,TSLA,45.917999267578125
2017-01-13,TSLA,47.54999923706055
2017-01-17,TSLA,47.11600112915039
2017-01-18,TSLA,47.672000885009766
2017-01-19,TSLA,48.75199890136719
2017-01-20,TSLA,48.94599914550781
2017-01-23,TSLA,49.78400039672852
2017-01-24,TSLA,50.922000885009766
2017-01-25,TSLA,50.89400100708008
2017-01-26,TSLA,50.50199890136719
2017-01-27,TSLA,50.59000015258789
2017-01-30,TSLA,50.1259994506836
2017-01-31,TSLA,50.38600158691406
2017-02-01,TSLA,49.84799957275391
2017-02-02,TSLA,50.310001373291016
2017-02-03,TSLA,50.26599884033203
2017-02-06,TSLA,51.55400085449219
2017-02-07,TSLA,51.49599838256836
2017-02-08,TSLA,52.41600036621094
2017-02-09,TSLA,53.84000015258789
2017-02-10,TSLA,53.84600067138672
2017-02-13,TSLA,56.119998931884766
2017-02-14,TSLA,56.19599914550781
2017-02-15,TSLA,55.95199966430664
2017-02-16,TSLA,53.790000915527344
2017-02-17,TSLA,54.44599914550781
2017-02-21,TSLA,55.47800064086914
2017-02-22,TSLA,54.70199966430664
2017-02-23,TSLA,51.198001861572266
2017-02-24,TSLA,51.400001525878906
2017-02-27,TSLA,49.24599838256836
2017-02-28,TSLA,49.99800109863281
2017-03-01,TSLA,50.00400161743164
2017-03-02,TSLA,50.09600067138672
2017-03-03,TSLA,50.31399917602539
2017-03-06,TSLA,50.242000579833984
2017-03-07,TSLA,49.71799850463867
2017-03-08,TSLA,49.374000549316406
2017-03-09,TSLA,48.97999954223633
2017-03-10,TSLA,48.73799896240234
2017-03-13,TSLA,49.23400115966797
2017-03-14,TSLA,51.59999847412109
2017-03-15,TSLA,51.14599990844727
2017-03-16,TSLA,52.40999984741211
2017-03-17,TSLA,52.29999923706055
2017-03-20,TSLA,52.38399887084961
2017-03-21,TSLA,50.13600158691406
2017-03-22,TSLA,51.00199890136719
2017-03-23,TSLA,50.95600128173828
2017-03-24,TSLA,52.63199996948242
2017-03-27,TSLA,54.04399871826172
2017-03-28,TSLA,55.4900016784668
2017-03-29,TSLA,55.47600173950195
2017-03-30,TSLA,55.58399963378906
2017-03-31,TSLA,55.65999984741211
2017-04-03,TSLA,59.70399856567383
2017-04-04,TSLA,60.7400016784668
2017-04-05,TSLA,59.0
2017-04-06,TSLA,59.7400016784668
2017-04-07,TSLA,60.507999420166016
2017-04-10,TSLA,62.47800064086914
2017-04-11,TSLA,61.742000579833984
2017-04-12,TSLA,59.36800003051758
2017-04-13,TSLA,60.79999923706055
2017-04-17,TSLA,60.28799819946289
2017-04-18,TSLA,60.04999923706055
2017-04-19,TSLA,61.104000091552734
2017-04-20,TSLA,60.50199890136719
2017-04-21,TSLA,61.119998931884766
2017-04-24,TSLA,61.60599899291992
2017-04-25,TSLA,62.757999420166016
2017-04-26,TSLA,62.03400039672852
2017-04-27,TSLA,61.72600173950195
2017-04-28,TSLA,62.81399917602539
2017-05-01,TSLA,64.56600189208984
2017-05-02,TSLA,63.77799987792969
2017-05-03,TSLA,62.20399856567383
2017-05-04,TSLA,59.09199905395508
2017-05-05,TSLA,61.66999816894531
2017-05-08,TSLA,61.4379997253418
2017-05-09,TSLA,64.25199890136719
2017-05-10,TSLA,65.04399871826172
2017-05-11,TSLA,64.62000274658203
2017-05-12,TSLA,64.96199798583984
2017-05-15,TSLA,63.17599868774414
2017-05-16,TSLA,63.402000427246094
2017-05-17,TSLA,61.22200012207031
2017-05-18,TSLA,62.61199951171875
2017-05-19,TSLA,62.16600036621094
2017-05-22,TSLA,62.06999969482422
2017-05-23,TSLA,60.77199935913086
2017-05-24,TSLA,62.04399871826172
2017-05-25,TSLA,63.36600112915039
2017-05-26,TSLA,65.02799987792969
2017-05-30,TSLA,67.0199966430664
2017-05-31,TSLA,68.2020034790039
2017-06-01,TSLA,68.0739974975586
2017-06-02,TSLA,67.97000122070312
2017-06-05,TSLA,69.46399688720703
2017-06-06,TSLA,70.56999969482422
2017-06-07,TSLA,71.93000030517578
2017-06-08,TSLA,74.0
2017-06-09,TSLA,71.46399688720703
2017-06-12,TSLA,71.802001953125
2017-06-13,TSLA,75.19000244140625
2017-06-14,TSLA,76.13200378417969
2017-06-15,TSLA,75.06800079345703
2017-06-16,TSLA,74.27999877929688
2017-06-19,TSLA,73.95999908447266
2017-06-20,TSLA,74.447998046875
2017-06-21,TSLA,75.27999877929688
2017-06-22,TSLA,76.52200317382812
2017-06-23,TSLA,76.69000244140625
2017-06-26,TSLA,75.49800109863281
2017-06-27,TSLA,72.4739990234375
2017-06-28,TSLA,74.24800109863281
2017-06-29,TSLA,72.1500015258789
2017-06-30,TSLA,72.3219985961914
2017-07-03,TSLA,70.52400207519531
2017-07-05,TSLA,65.41799926757812
2017-07-06,TSLA,61.76599884033203
2017-07-07,TSLA,62.64400100708008
2017-07-10,TSLA,63.209999084472656
2017-07-11,TSLA,65.44400024414062
2017-07-12,TSLA,65.90399932861328
2017-07-13,TSLA,64.68199920654297
2017-07-14,TSLA,65.55599975585938
2017-07-17,TSLA,63.91400146484375
2017-07-18,TSLA,65.64800262451172
2017-07-19,TSLA,65.052001953125
2017-07-20,TSLA,65.98400115966797
2017-07-21,TSLA,65.68000030517578
2017-07-24,TSLA,68.50399780273438
2017-07-25,TSLA,67.91999816894531
2017-07-26,TSLA,68.7699966430664
2017-07-27,TSLA,66.89199829101562
2017-07-28,TSLA,67.01399993896484
2017-07-31,TSLA,64.69400024414062
2017-08-01,TSLA,63.91400146484375
2017-08-02,TSLA,65.1780014038086
2017-08-03,TSLA,69.41799926757812
2017-08-04,TSLA,71.38200378417969
2017-08-07,TSLA,71.03399658203125
2017-08-08,TSLA,73.04399871826172
2017-08-09,TSLA,72.70600128173828
2017-08-10,TSLA,71.08000183105469
2017-08-11,TSLA,71.5739974975586
2017-08-14,TSLA,72.76000213623047
2017-08-15,TSLA,72.46600341796875
2017-08-16,TSLA,72.58200073242188
2017-08-17,TSLA,70.38400268554688
2017-08-18,TSLA,69.49199676513672
2017-08-21,TSLA,67.5719985961914
2017-08-22,TSLA,68.2699966430664
2017-08-23,TSLA,70.55400085449219
2017-08-24,TSLA,70.58599853515625
2017-08-25,TSLA,69.61000061035156
2017-08-28,TSLA,69.13200378417969
2017-08-29,TSLA,69.47200012207031
2017-08-30,TSLA,70.63600158691406
2017-08-31,TSLA,71.18000030517578
2017-09-01,TSLA,71.08000183105469
2017-09-05,TSLA,69.91799926757812
2017-09-06,TSLA,68.90599822998047
2017-09-07,TSLA,70.12200164794922
2017-09-08,TSLA,68.68000030517578
2017-09-11,TSLA,72.73799896240234
2017-09-12,TSLA,72.55000305175781
2017-09-13,TSLA,73.24600219726562
2017-09-14,TSLA,75.52799987792969
2017-09-15,TSLA,75.96199798583984
2017-09-18,TSLA,77.0
2017-09-19,TSLA,75.0199966430664
2017-09-20,TSLA,74.78199768066406
2017-09-21,TSLA,73.2959976196289
2017-09-22,TSLA,70.21800231933594
2017-09-25,TSLA,68.99800109863281
2017-09-26,TSLA,69.05000305175781
2017-09-27,TSLA,68.19400024414062
2017-09-28,TSLA,67.91999816894531
2017-09-29,TSLA,68.22000122070312
2017-10-02,TSLA,68.30599975585938
2017-10-03,TSLA,69.62799835205078
2017-10-04,TSLA,71.00199890136719
2017-10-05,TSLA,71.06600189208984
2017-10-06,TSLA,71.3759994506836
2017-10-09,TSLA,68.58799743652344
2017-10-10,TSLA,71.11799621582031
2017-10-11,TSLA,70.91999816894531
2017-10-12,TSLA,71.13600158691406
2017-10-13,TSLA,71.11399841308594
2017-10-16,TSLA,70.12000274658203
2017-10-17,TSLA,71.1500015258789
2017-10-18,TSLA,71.93000030517578
2017-10-19,TSLA,70.36199951171875
2017-10-20,TSLA,69.0199966430664
2017-10-23,TSLA,67.40399932861328
2017-10-24,TSLA,67.46800231933594
2017-10-25,TSLA,65.16799926757812
2017-10-26,TSLA,65.23400115966797
2017-10-27,TSLA,64.17400360107422
2017-10-30,TSLA,64.01599884033203
2017-10-31,TSLA,66.30599975585938
2017-11-01,TSLA,64.21600341796875
2017-11-02,TSLA,59.85200119018555
2017-11-03,TSLA,61.21799850463867
2017-11-06,TSLA,60.555999755859375
2017-11-07,TSLA,61.209999084472656
2017-11-08,TSLA,60.87799835205078
2017-11-09,TSLA,60.59799957275391
2017-11-10,TSLA,60.59799957275391
2017-11-13,TSLA,63.08000183105469
2017-11-14,TSLA,61.7400016784668
2017-11-15,TSLA,62.2599983215332
2017-11-16,TSLA,62.5
2017-11-17,TSLA,63.0099983215332
2017-11-20,TSLA,61.74800109863281
2017-11-21,TSLA,63.5620002746582
2017-11-22,TSLA,62.52000045776367
2017-11-24,TSLA,63.11000061035156
2017-11-27,TSLA,63.36199951171875
2017-11-28,TSLA,63.5099983215332
2017-11-29,TSLA,61.507999420166016
2017-11-30,TSLA,61.77000045776367
2017-12-01,TSLA,61.305999755859375
2017-12-04,TSLA,61.040000915527344
2017-12-05,TSLA,60.7400016784668
2017-12-06,TSLA,62.652000427246094
2017-12-07,TSLA,62.24800109863281
2017-12-08,TSLA,63.0260009765625
2017-12-11,TSLA,65.78199768066406
2017-12-12,TSLA,68.20600128173828
2017-12-13,TSLA,67.80599975585938
2017-12-14,TSLA,67.5780029296875
2017-12-15,TSLA,68.69000244140625
2017-12-18,TSLA,67.77400207519531
2017-12-19,TSLA,66.22000122070312
2017-12-20,TSLA,65.7959976196289
2017-12-21,TSLA,66.33200073242188
2017-12-22,TSLA,65.04000091552734
2017-12-26,TSLA,63.45800018310547
2017-12-27,TSLA,62.32799911499024
2017-12-28,TSLA,63.071998596191406
2017-12-29,TSLA,62.27000045776367
2018-01-02,TSLA,64.10600280761719
2018-01-03,TSLA,63.45000076293945
2018-01-04,TSLA,62.92399978637695
2018-01-05,TSLA,63.31600189208984
2018-01-08,TSLA,67.28199768066406
2018-01-09,TSLA,66.73799896240234
2018-01-10,TSLA,66.95999908447266
2018-01-11,TSLA,67.58999633789062
2018-01-12,TSLA,67.24400329589844
2018-01-16,TSLA,68.01200103759766
2018-01-17,TSLA,69.43199920654297
2018-01-18,TSLA,68.91400146484375
2018-01-19,TSLA,70.00399780273438
2018-01-22,TSLA,70.31199645996094
2018-01-23,TSLA,70.55799865722656
2018-01-24,TSLA,69.1780014038086
2018-01-25,TSLA,67.52799987792969
2018-01-26,TSLA,68.56999969482422
2018-01-29,TSLA,69.90599822998047
2018-01-30,TSLA,69.16400146484375
2018-01-31,TSLA,70.86199951171875
2018-02-01,TSLA,69.8499984741211
2018-02-02,TSLA,68.75
2018-02-05,TSLA,66.6259994506836
2018-02-06,TSLA,66.79399871826172
2018-02-07,TSLA,69.0
2018-02-08,TSLA,63.04600143432617
2018-02-09,TSLA,62.08399963378906
2018-02-12,TSLA,63.14599990844727
2018-02-13,TSLA,64.73200225830078
2018-02-14,TSLA,64.46199798583984
2018-02-15,TSLA,66.81400299072266
2018-02-16,TSLA,67.0979995727539
2018-02-20,TSLA,66.9540023803711
2018-02-21,TSLA,66.66000366210938
2018-02-22,TSLA,69.23400115966797
2018-02-23,TSLA,70.41000366210938
2018-02-26,TSLA,71.48400115966797
2018-02-27,TSLA,70.197998046875
2018-02-28,TSLA,68.61199951171875
2018-03-01,TSLA,66.18599700927734
2018-03-02,TSLA,67.02400207519531
2018-03-05,TSLA,66.66999816894531
2018-03-06,TSLA,65.63999938964844
2018-03-07,TSLA,66.45999908447266
2018-03-08,TSLA,65.81999969482422
2018-03-09,TSLA,65.43399810791016
2018-03-12,TSLA,69.10199737548828
2018-03-13,TSLA,68.36799621582031
2018-03-14,TSLA,65.32599639892578
2018-03-15,TSLA,65.12000274658203
2018-03-16,TSLA,64.2699966430664
2018-03-19,TSLA,62.71200180053711
2018-03-20,TSLA,62.11000061035156
2018-03-21,TSLA,63.305999755859375
2018-03-22,TSLA,61.81999969482422
2018-03-23,TSLA,60.30799865722656
2018-03-26,TSLA,60.83599853515625
2018-03-27,TSLA,55.83599853515625
2018-03-28,TSLA,51.555999755859375
2018-03-29,TSLA,53.22600173950195
2018-04-02,TSLA,50.49599838256836
2018-04-03,TSLA,53.50600051879883
2018-04-04,TSLA,57.38800048828125
2018-04-05,TSLA,61.14400100708008
2018-04-06,TSLA,59.86000061035156
2018-04-09,TSLA,57.93199920654297
2018-04-10,TSLA,60.93999862670898
2018-04-11,TSLA,60.18600082397461
2018-04-12,TSLA,58.81600189208984
2018-04-13,TSLA,60.06800079345703
2018-04-16,TSLA,58.242000579833984
2018-04-17,TSLA,57.53799819946289
2018-04-18,TSLA,58.66999816894531
2018-04-19,TSLA,60.01599884033203
2018-04-20,TSLA,58.04800033569336
2018-04-23,TSLA,56.67399978637695
2018-04-24,TSLA,56.69200134277344
2018-04-25,TSLA,56.13800048828125
2018-04-26,TSLA,57.09600067138672
2018-04-27,TSLA,58.81600189208984
2018-04-30,TSLA,58.77999877929688
2018-05-01,TSLA,59.98400115966797
2018-05-02,TSLA,60.22999954223633
2018-05-03,TSLA,56.88999938964844
2018-05-04,TSLA,58.81800079345703
2018-05-07,TSLA,60.55400085449219
2018-05-08,TSLA,60.39400100708008
2018-05-09,TSLA,61.369998931884766
2018-05-10,TSLA,61.00400161743164
2018-05-11,TSLA,60.21200180053711
2018-05-14,TSLA,58.39400100708008
2018-05-15,TSLA,56.83599853515625
2018-05-16,TSLA,57.29600143432617
2018-05-17,TSLA,56.90800094604492
2018-05-18,TSLA,55.36399841308594
2018-05-21,TSLA,56.89799880981445
2018-05-22,TSLA,55.00199890136719
2018-05-23,TSLA,55.81399917602539
2018-05-24,TSLA,55.56999969482422
2018-05-25,TSLA,55.77000045776367
2018-05-29,TSLA,56.75199890136719
2018-05-30,TSLA,58.34400177001953
2018-05-31,TSLA,56.94599914550781
2018-06-01,TSLA,58.36399841308594
2018-06-04,TSLA,59.34799957275391
2018-06-05,TSLA,58.22600173950195
2018-06-06,TSLA,63.900001525878906
2018-06-07,TSLA,63.21799850463867
2018-06-08,TSLA,63.53200149536133
2018-06-11,TSLA,66.41999816894531
2018-06-12,TSLA,68.55400085449219
2018-06-13,TSLA,68.95600128173828
2018-06-14,TSLA,71.54399871826172
2018-06-15,TSLA,71.63400268554688
2018-06-18,TSLA,74.16600036621094
2018-06-19,TSLA,70.51000213623047
2018-06-20,TSLA,72.44400024414062
2018-06-21,TSLA,69.50199890136719
2018-06-22,TSLA,66.72599792480469
2018-06-25,TSLA,66.60199737548828
2018-06-26,TSLA,68.4000015258789
2018-06-27,TSLA,68.9000015258789
2018-06-28,TSLA,69.98600006103516
2018-06-29,TSLA,68.58999633789062
2018-07-02,TSLA,67.01399993896484
2018-07-03,TSLA,62.172000885009766
2018-07-05,TSLA,61.83200073242188
2018-07-06,TSLA,61.77999877929688
2018-07-09,TSLA,63.70199966430664
2018-07-10,TSLA,64.49400329589844
2018-07-11,TSLA,63.79199981689453
2018-07-12,TSLA,63.34199905395508
2018-07-13,TSLA,63.77399826049805
2018-07-16,TSLA,62.02000045776367
2018-07-17,TSLA,64.53800201416016
2018-07-18,TSLA,64.7699966430664
2018-07-19,TSLA,64.0459976196289
2018-07-20,TSLA,62.71599960327149
2018-07-23,TSLA,60.63999938964844
2018-07-24,TSLA,59.48600006103516
2018-07-25,TSLA,61.74800109863281
2018-07-26,TSLA,61.33000183105469
2018-07-27,TSLA,59.43600082397461
2018-07-30,TSLA,58.03400039672852
2018-07-31,TSLA,59.62799835205078
2018-08-01,TSLA,60.167999267578125
2018-08-02,TSLA,69.90799713134766
2018-08-03,TSLA,69.63400268554688
2018-08-06,TSLA,68.39800262451172
2018-08-07,TSLA,75.91400146484375
2018-08-08,TSLA,74.06800079345703
2018-08-09,TSLA,70.48999786376953
2018-08-10,TSLA,71.0979995727539
2018-08-13,TSLA,71.28199768066406
2018-08-14,TSLA,69.52799987792969
2018-08-15,TSLA,67.73799896240234
2018-08-16,TSLA,67.08999633789062
2018-08-17,TSLA,61.09999847412109
2018-08-20,TSLA,61.6879997253418
2018-08-21,TSLA,64.37999725341797
2018-08-22,TSLA,64.3280029296875
2018-08-23,TSLA,64.0199966430664
2018-08-24,TSLA,64.56400299072266
2018-08-27,TSLA,63.854000091552734
2018-08-28,TSLA,62.37200164794922
2018-08-29,TSLA,61.00199890136719
2018-08-30,TSLA,60.630001068115234
2018-08-31,TSLA,60.33200073242188
2018-09-04,TSLA,57.790000915527344
2018-09-05,TSLA,56.14799880981445
2018-09-06,TSLA,56.18999862670898
2018-09-07,TSLA,52.64799880981445
2018-09-10,TSLA,57.09999847412109
2018-09-11,TSLA,55.88800048828125
2018-09-12,TSLA,58.108001708984375
2018-09-13,TSLA,57.891998291015625
2018-09-14,TSLA,59.040000915527344
2018-09-17,TSLA,58.96799850463867
2018-09-18,TSLA,56.992000579833984
2018-09-19,TSLA,59.80400085449219
2018-09-20,TSLA,59.66600036621094
2018-09-21,TSLA,59.81999969482422
2018-09-24,TSLA,59.93600082397461
2018-09-25,TSLA,60.198001861572266
2018-09-26,TSLA,61.91600036621094
2018-09-27,TSLA,61.50400161743164
2018-09-28,TSLA,52.95399856567383
2018-10-01,TSLA,62.13999938964844
2018-10-02,TSLA,60.20399856567383
2018-10-03,TSLA,58.959999084472656
2018-10-04,TSLA,56.36600112915039
2018-10-05,TSLA,52.38999938964844
2018-10-08,TSLA,50.11199951171875
2018-10-09,TSLA,52.560001373291016
2018-10-10,TSLA,51.3759994506836
2018-10-11,TSLA,50.44599914550781
2018-10-12,TSLA,51.75600051879883
2018-10-15,TSLA,51.917999267578125
2018-10-16,TSLA,55.31800079345703
2018-10-17,TSLA,54.35599899291992
2018-10-18,TSLA,52.78200149536133
2018-10-19,TSLA,52.0
2018-10-22,TSLA,52.18999862670898
2018-10-23,TSLA,58.82799911499024
2018-10-24,TSLA,57.70000076293945
2018-10-25,TSLA,62.97200012207031
2018-10-26,TSLA,66.18000030517578
2018-10-29,TSLA,66.97000122070312
2018-10-30,TSLA,65.9800033569336
2018-10-31,TSLA,67.46399688720703
2018-11-01,TSLA,68.85600280761719
2018-11-02,TSLA,69.28199768066406
2018-11-05,TSLA,68.27999877929688
2018-11-06,TSLA,68.21199798583984
2018-11-07,TSLA,69.63200378417969
2018-11-08,TSLA,70.27999877929688
2018-11-09,TSLA,70.10199737548828
2018-11-12,TSLA,66.25599670410156
2018-11-13,TSLA,67.74600219726562
2018-11-14,TSLA,68.80000305175781
2018-11-15,TSLA,69.68800354003906
2018-11-16,TSLA,70.86199951171875
2018-11-19,TSLA,70.69400024414062
2018-11-20,TSLA,69.49800109863281
2018-11-21,TSLA,67.63800048828125
2018-11-23,TSLA,65.16600036621094
2018-11-26,TSLA,69.19999694824219
2018-11-27,TSLA,68.78399658203125
2018-11-28,TSLA,69.5739974975586
2018-11-29,TSLA,68.23400115966797
2018-11-30,TSLA,70.09600067138672
2018-12-03,TSLA,71.697998046875
2018-12-04,TSLA,71.94000244140625
2018-12-06,TSLA,72.61199951171875
2018-12-07,TSLA,71.59400177001953
2018-12-10,TSLA,73.02999877929688
2018-12-11,TSLA,73.35199737548828
2018-12-12,TSLA,73.31999969482422
2018-12-13,TSLA,75.35800170898438
2018-12-14,TSLA,73.14199829101562
2018-12-17,TSLA,69.68399810791016
2018-12-18,TSLA,67.40599822998047
2018-12-19,TSLA,66.59400177001953
2018-12-20,TSLA,63.07600021362305
2018-12-21,TSLA,63.95399856567383
2018-12-24,TSLA,59.07799911499024
2018-12-26,TSLA,65.21800231933594
2018-12-27,TSLA,63.22600173950195
2018-12-28,TSLA,66.77400207519531
2018-12-31,TSLA,66.55999755859375
2019-01-02,TSLA,62.02399826049805
2019-01-03,TSLA,60.071998596191406
2019-01-04,TSLA,63.53799819946289
2019-01-07,TSLA,66.99199676513672
2019-01-08,TSLA,67.06999969482422
2019-01-09,TSLA,67.70600128173828
2019-01-10,TSLA,68.99400329589844
2019-01-11,TSLA,69.4520034790039
2019-01-14,TSLA,66.87999725341797
2019-01-15,TSLA,68.88600158691406
2019-01-16,TSLA,69.20999908447266
2019-01-17,TSLA,69.46199798583984
2019-01-18,TSLA,60.45199966430664
2019-01-22,TSLA,59.78400039672852
2019-01-23,TSLA,57.51800155639648
2019-01-24,TSLA,58.30199813842773
2019-01-25,TSLA,59.40800094604492
2019-01-28,TSLA,59.2760009765625
2019-01-29,TSLA,59.492000579833984
2019-01-30,TSLA,61.75400161743164
2019-01-31,TSLA,61.40399932861328
2019-02-01,TSLA,62.44200134277344
2019-02-04,TSLA,62.57799911499024
2019-02-05,TSLA,64.2699966430664
2019-02-06,TSLA,63.44400024414063
2019-02-07,TSLA,61.50199890136719
2019-02-08,TSLA,61.15999984741211
2019-02-11,TSLA,62.56800079345703
2019-02-12,TSLA,62.36199951171875
2019-02-13,TSLA,61.63399887084961
2019-02-14,TSLA,60.75400161743164
2019-02-15,TSLA,61.57600021362305
2019-02-19,TSLA,61.12799835205078
2019-02-20,TSLA,60.512001037597656
2019-02-21,TSLA,58.24599838256836
2019-02-22,TSLA,58.94200134277344
2019-02-25,TSLA,59.75400161743164
2019-02-26,TSLA,59.571998596191406
2019-02-27,TSLA,62.948001861572266
2019-02-28,TSLA,63.97600173950195
2019-03-01,TSLA,58.95800018310547
2019-03-04,TSLA,57.071998596191406
2019-03-05,TSLA,55.30799865722656
2019-03-06,TSLA,55.24800109863281
2019-03-07,TSLA,55.31800079345703
2019-03-08,TSLA,56.82799911499024
2019-03-11,TSLA,58.18399810791016
2019-03-12,TSLA,56.672000885009766
2019-03-13,TSLA,57.79199981689453
2019-03-14,TSLA,57.992000579833984
2019-03-15,TSLA,55.08599853515625
2019-03-18,TSLA,53.89799880981445
2019-03-19,TSLA,53.49399948120117
2019-03-20,TSLA,54.720001220703125
2019-03-21,TSLA,54.80400085449219
2019-03-22,TSLA,52.90599822998047
2019-03-25,TSLA,52.08399963378906
2019-03-26,TSLA,53.55400085449219
2019-03-27,TSLA,54.96599960327149
2019-03-28,TSLA,55.7239990234375
2019-03-29,TSLA,55.97200012207031
2019-04-01,TSLA,57.83599853515625
2019-04-02,TSLA,57.17599868774414
2019-04-03,TSLA,58.36199951171875
2019-04-04,TSLA,53.555999755859375
2019-04-05,TSLA,54.992000579833984
2019-04-08,TSLA,54.63999938964844
2019-04-09,TSLA,54.46200180053711
2019-04-10,TSLA,55.21200180053711
2019-04-11,TSLA,53.68399810791016
2019-04-12,TSLA,53.540000915527344
2019-04-15,TSLA,53.2760009765625
2019-04-16,TSLA,54.672000885009766
2019-04-17,TSLA,54.24599838256836
2019-04-18,TSLA,54.652000427246094
2019-04-22,TSLA,52.54999923706055
2019-04-23,TSLA,52.77999877929688
2019-04-24,TSLA,51.73199844360352
2019-04-25,TSLA,49.5260009765625
2019-04-26,TSLA,47.02799987792969
2019-04-29,TSLA,48.29399871826172
2019-04-30,TSLA,47.73799896240234
2019-05-01,TSLA,46.80199813842773
2019-05-02,TSLA,48.81999969482422
2019-05-03,TSLA,51.00600051879883
2019-05-06,TSLA,51.06800079345703
2019-05-07,TSLA,49.4119987487793
2019-05-08,TSLA,48.96799850463867
2019-05-09,TSLA,48.39599990844727
2019-05-10,TSLA,47.90399932861328
2019-05-13,TSLA,45.402000427246094
2019-05-14,TSLA,46.46200180053711
2019-05-15,TSLA,46.38999938964844
2019-05-16,TSLA,45.66600036621094
2019-05-17,TSLA,42.20600128173828
2019-05-20,TSLA,41.071998596191406
2019-05-21,TSLA,41.01599884033203
2019-05-22,TSLA,38.54600143432617
2019-05-23,TSLA,39.09799957275391
2019-05-24,TSLA,38.1259994506836
2019-05-28,TSLA,37.7400016784668
2019-05-29,TSLA,37.97200012207031
2019-05-30,TSLA,37.64400100708008
2019-05-31,TSLA,37.03200149536133
2019-06-03,TSLA,35.79399871826172
2019-06-04,TSLA,38.720001220703125
2019-06-05,TSLA,39.31800079345703
2019-06-06,TSLA,41.18999862670898
2019-06-07,TSLA,40.900001525878906
2019-06-10,TSLA,42.57600021362305
2019-06-11,TSLA,43.41999816894531
2019-06-12,TSLA,41.85200119018555
2019-06-13,TSLA,42.78200149536133
2019-06-14,TSLA,42.98400115966797
2019-06-17,TSLA,45.00600051879883
2019-06-18,TSLA,44.948001861572266
2019-06-19,TSLA,45.2859992980957
2019-06-20,TSLA,43.92399978637695
2019-06-21,TSLA,44.37200164794922
2019-06-24,TSLA,44.72800064086914
2019-06-25,TSLA,43.95199966430664
2019-06-26,TSLA,43.854000091552734
2019-06-27,TSLA,44.56800079345703
2019-06-28,TSLA,44.69200134277344
2019-07-01,TSLA,45.43399810791016
2019-07-02,TSLA,44.90999984741211
2019-07-03,TSLA,46.97999954223633
2019-07-05,TSLA,46.619998931884766
2019-07-08,TSLA,46.06800079345703
2019-07-09,TSLA,46.012001037597656
2019-07-10,TSLA,47.78400039672852
2019-07-11,TSLA,47.720001220703125
2019-07-12,TSLA,49.01599884033203
2019-07-15,TSLA,50.70000076293945
2019-07-16,TSLA,50.47600173950195
2019-07-17,TSLA,50.97200012207031
2019-07-18,TSLA,50.70800018310547
2019-07-19,TSLA,51.63600158691406
2019-07-22,TSLA,51.13600158691406
2019-07-23,TSLA,52.03400039672852
2019-07-24,TSLA,52.97600173950195
2019-07-25,TSLA,45.76399993896485
2019-07-26,TSLA,45.608001708984375
2019-07-29,TSLA,47.15399932861328
2019-07-30,TSLA,48.45199966430664
2019-07-31,TSLA,48.321998596191406
2019-08-01,TSLA,46.77000045776367
2019-08-02,TSLA,46.86800003051758
2019-08-05,TSLA,45.66400146484375
2019-08-06,TSLA,46.150001525878906
2019-08-07,TSLA,46.68399810791016
2019-08-08,TSLA,47.65999984741211
2019-08-09,TSLA,47.00199890136719
2019-08-12,TSLA,45.80199813842773
2019-08-13,TSLA,47.0
2019-08-14,TSLA,43.92399978637695
2019-08-15,TSLA,43.12799835205078
2019-08-16,TSLA,43.98799896240234
2019-08-19,TSLA,45.36600112915039
2019-08-20,TSLA,45.172000885009766
2019-08-21,TSLA,44.16600036621094
2019-08-22,TSLA,44.43000030517578
2019-08-23,TSLA,42.27999877929688
2019-08-26,TSLA,43.0
2019-08-27,TSLA,42.81600189208984
2019-08-28,TSLA,43.11800003051758
2019-08-29,TSLA,44.34199905395508
2019-08-30,TSLA,45.12200164794922
2019-09-03,TSLA,45.00199890136719
2019-09-04,TSLA,44.13600158691406
2019-09-05,TSLA,45.91600036621094
2019-09-06,TSLA,45.4900016784668
2019-09-09,TSLA,46.358001708984375
2019-09-10,TSLA,47.108001708984375
2019-09-11,TSLA,49.41999816894531
2019-09-12,TSLA,49.17399978637695
2019-09-13,TSLA,49.040000915527344
2019-09-16,TSLA,48.5620002746582
2019-09-17,TSLA,48.95800018310547
2019-09-18,TSLA,48.698001861572266
2019-09-19,TSLA,49.31999969482422
2019-09-20,TSLA,48.124000549316406
2019-09-23,TSLA,48.24599838256836
2019-09-24,TSLA,44.641998291015625
2019-09-25,TSLA,45.7400016784668
2019-09-26,TSLA,48.512001037597656
2019-09-27,TSLA,48.42599868774414
2019-09-30,TSLA,48.17399978637695
2019-10-01,TSLA,48.9379997253418
2019-10-02,TSLA,48.6259994506836
2019-10-03,TSLA,46.60599899291992
2019-10-04,TSLA,46.2859992980957
2019-10-07,TSLA,47.54399871826172
2019-10-08,TSLA,48.0099983215332
2019-10-09,TSLA,48.90599822998047
2019-10-10,TSLA,48.948001861572266
2019-10-11,TSLA,49.57799911499024
2019-10-14,TSLA,51.391998291015625
2019-10-15,TSLA,51.57799911499024
2019-10-16,TSLA,51.95000076293945
2019-10-17,TSLA,52.39400100708008
2019-10-18,TSLA,51.38999938964844
2019-10-21,TSLA,50.70000076293945
2019-10-22,TSLA,51.11600112915039
2019-10-23,TSLA,50.93600082397461
2019-10-24,TSLA,59.93600082397461
2019-10-25,TSLA,65.6259994506836
2019-10-28,TSLA,65.54199981689453
2019-10-29,TSLA,63.24399948120117
2019-10-30,TSLA,63.00199890136719
2019-10-31,TSLA,62.98400115966797
2019-11-01,TSLA,62.6619987487793
2019-11-04,TSLA,63.49399948120117
2019-11-05,TSLA,63.44400024414063
2019-11-06,TSLA,65.31600189208984
2019-11-07,TSLA,67.10800170898438
2019-11-08,TSLA,67.4280014038086
2019-11-11,TSLA,69.01799774169922
2019-11-12,TSLA,69.98600006103516
2019-11-13,TSLA,69.22200012207031
2019-11-14,TSLA,69.87000274658203
2019-11-15,TSLA,70.43399810791016
2019-11-18,TSLA,69.99800109863281
2019-11-19,TSLA,71.90399932861328
2019-11-20,TSLA,70.44400024414062
2019-11-21,TSLA,70.96600341796875
2019-11-22,TSLA,66.60800170898438
2019-11-25,TSLA,67.26799774169922
2019-11-26,TSLA,65.78399658203125
2019-11-27,TSLA,66.25800323486328
2019-11-29,TSLA,65.98799896240234
2019-12-02,TSLA,66.9739990234375
2019-12-03,TSLA,67.23999786376953
2019-12-04,TSLA,66.60600280761719
2019-12-05,TSLA,66.0739974975586
2019-12-06,TSLA,67.1780014038086
2019-12-09,TSLA,67.90599822998047
2019-12-10,TSLA,69.76799774169922
2019-12-11,TSLA,70.54000091552734
2019-12-12,TSLA,71.93599700927734
2019-12-13,TSLA,71.6780014038086
2019-12-16,TSLA,76.30000305175781
2019-12-17,TSLA,75.7979965209961
2019-12-18,TSLA,78.62999725341797
2019-12-19,TSLA,80.80799865722656
2019-12-20,TSLA,81.11799621582031
2019-12-23,TSLA,83.84400177001953
2019-12-24,TSLA,85.05000305175781
2019-12-26,TSLA,86.18800354003906
2019-12-27,TSLA,86.07599639892578
2019-12-30,TSLA,82.94000244140625
2019-12-31,TSLA,83.66600036621094
2020-01-02,TSLA,86.052001953125
2020-01-03,TSLA,88.60199737548828
2020-01-06,TSLA,90.30799865722656
2020-01-07,TSLA,93.81199645996094
2020-01-08,TSLA,98.4280014038086
2020-01-09,TSLA,96.26799774169922
2020-01-10,TSLA,95.62999725341795
2020-01-13,TSLA,104.97200012207033
2020-01-14,TSLA,107.58399963378906
2020-01-15,TSLA,103.6999969482422
2020-01-16,TSLA,102.697998046875
2020-01-17,TSLA,102.0999984741211
2020-01-21,TSLA,109.44000244140624
2020-01-22,TSLA,113.91200256347656
2020-01-23,TSLA,114.44000244140624
2020-01-24,TSLA,112.96399688720705
2020-01-27,TSLA,111.60399627685548
2020-01-28,TSLA,113.37999725341795
2020-01-29,TSLA,116.197998046875
2020-01-30,TSLA,128.16200256347656
2020-01-31,TSLA,130.11399841308594
2020-02-03,TSLA,156.0
2020-02-04,TSLA,177.41200256347656
2020-02-05,TSLA,146.94000244140625
2020-02-06,TSLA,149.79200744628906
2020-02-07,TSLA,149.61399841308594
2020-02-10,TSLA,154.25599670410156
2020-02-11,TSLA,154.87600708007812
2020-02-12,TSLA,153.45799255371094
2020-02-13,TSLA,160.8000030517578
2020-02-14,TSLA,160.00599670410156
2020-02-18,TSLA,171.67999267578125
2020-02-19,TSLA,183.48399353027344
2020-02-20,TSLA,179.8820037841797
2020-02-21,TSLA,180.1999969482422
2020-02-24,TSLA,166.75799560546875
2020-02-25,TSLA,159.98199462890625
2020-02-26,TSLA,155.75999450683594
2020-02-27,TSLA,135.8000030517578
2020-02-28,TSLA,133.59800720214844
2020-03-02,TSLA,148.7239990234375
2020-03-03,TSLA,149.1020050048828
2020-03-04,TSLA,149.89999389648438
2020-03-05,TSLA,144.9080047607422
2020-03-06,TSLA,140.6959991455078
2020-03-09,TSLA,121.5999984741211
2020-03-10,TSLA,129.0659942626953
2020-03-11,TSLA,126.84600067138672
2020-03-12,TSLA,112.11000061035156
2020-03-13,TSLA,109.3239974975586
2020-03-16,TSLA,89.01399993896484
2020-03-17,TSLA,86.04000091552734
2020-03-18,TSLA,72.24400329589844
2020-03-19,TSLA,85.52799987792969
2020-03-20,TSLA,85.50599670410156
2020-03-23,TSLA,86.85800170898438
2020-03-24,TSLA,101.0
2020-03-25,TSLA,107.8499984741211
2020-03-26,TSLA,105.63200378417967
2020-03-27,TSLA,102.87200164794922
2020-03-30,TSLA,100.4260025024414
2020-03-31,TSLA,104.8000030517578
2020-04-01,TSLA,96.31199645996094
2020-04-02,TSLA,90.8939971923828
2020-04-03,TSLA,96.0019989013672
2020-04-06,TSLA,103.2480010986328
2020-04-07,TSLA,109.08999633789062
2020-04-08,TSLA,109.76799774169922
2020-04-09,TSLA,114.5999984741211
2020-04-13,TSLA,130.19000244140625
2020-04-14,TSLA,141.97799682617188
2020-04-15,TSLA,145.96600341796875
2020-04-16,TSLA,149.04200744628906
2020-04-17,TSLA,150.7779998779297
2020-04-20,TSLA,149.27200317382812
2020-04-21,TSLA,137.343994140625
2020-04-22,TSLA,146.4219970703125
2020-04-23,TSLA,141.12600708007812
2020-04-24,TSLA,145.02999877929688
2020-04-27,TSLA,159.75
2020-04-28,TSLA,153.82400512695312
2020-04-29,TSLA,160.1020050048828
2020-04-30,TSLA,156.37600708007812
2020-05-01,TSLA,140.26400756835938
2020-05-04,TSLA,152.23800659179688
2020-05-05,TSLA,153.64199829101562
2020-05-06,TSLA,156.51600646972656
2020-05-07,TSLA,156.00799560546875
2020-05-08,TSLA,163.88400268554688
2020-05-11,TSLA,162.25799560546875
2020-05-12,TSLA,161.8820037841797
2020-05-13,TSLA,158.19200134277344
2020-05-14,TSLA,160.66600036621094
2020-05-15,TSLA,159.83399963378906
2020-05-18,TSLA,162.7259979248047
2020-05-19,TSLA,161.6020050048828
2020-05-20,TSLA,163.11199951171875
2020-05-21,TSLA,165.52000427246094
2020-05-22,TSLA,163.37600708007812
2020-05-26,TSLA,163.7740020751953
2020-05-27,TSLA,164.04600524902344
2020-05-28,TSLA,161.16200256347656
2020-05-29,TSLA,167.0
2020-06-01,TSLA,179.6199951171875
2020-06-02,TSLA,176.31199645996094
2020-06-03,TSLA,176.5919952392578
2020-06-04,TSLA,172.87600708007812
2020-06-05,TSLA,177.1320037841797
2020-06-08,TSLA,189.98399353027344
2020-06-09,TSLA,188.13400268554688
2020-06-10,TSLA,205.00999450683597
2020-06-11,TSLA,194.5679931640625
2020-06-12,TSLA,187.05599975585935
2020-06-15,TSLA,198.17999267578125
2020-06-16,TSLA,196.42599487304688
2020-06-17,TSLA,198.3580017089844
2020-06-18,TSLA,200.79200744628903
2020-06-19,TSLA,200.17999267578125
2020-06-22,TSLA,198.86399841308597
2020-06-23,TSLA,200.3560028076172
2020-06-24,TSLA,192.1699981689453
2020-06-25,TSLA,197.1959991455078
2020-06-26,TSLA,191.947998046875
2020-06-29,TSLA,201.8699951171875
2020-06-30,TSLA,215.9620056152344
2020-07-01,TSLA,223.92599487304688
2020-07-02,TSLA,241.73199462890625
2020-07-06,TSLA,274.3160095214844
2020-07-07,TSLA,277.97198486328125
2020-07-08,TSLA,273.1759948730469
2020-07-09,TSLA,278.8559875488281
2020-07-10,TSLA,308.92999267578125
2020-07-13,TSLA,299.4119873046875
2020-07-14,TSLA,303.3599853515625
2020-07-15,TSLA,309.2019958496094
2020-07-16,TSLA,300.12799072265625
2020-07-17,TSLA,300.1679992675781
2020-07-20,TSLA,328.6000061035156
2020-07-21,TSLA,313.6719970703125
2020-07-22,TSLA,318.46600341796875
2020-07-23,TSLA,302.614013671875
2020-07-24,TSLA,283.3999938964844
2020-07-27,TSLA,307.9200134277344
2020-07-28,TSLA,295.2980041503906
2020-07-29,TSLA,299.8219909667969
2020-07-30,TSLA,297.4979858398437
2020-07-31,TSLA,286.1520080566406
2020-08-03,TSLA,297.0
2020-08-04,TSLA,297.3999938964844
2020-08-05,TSLA,297.0039978027344
2020-08-06,TSLA,297.9159851074219
2020-08-07,TSLA,290.5419921875
2020-08-10,TSLA,283.7139892578125
2020-08-11,TSLA,274.87799072265625
2020-08-12,TSLA,310.9519958496094
2020-08-13,TSLA,324.20001220703125
2020-08-14,TSLA,330.1419982910156
2020-08-17,TSLA,367.12799072265625
2020-08-18,TSLA,377.4179992675781
2020-08-19,TSLA,375.70599365234375
2020-08-20,TSLA,400.3659973144531
2020-08-21,TSLA,409.9960021972656
2020-08-24,TSLA,402.8399963378906
2020-08-25,TSLA,404.6679992675781
2020-08-26,TSLA,430.6340026855469
2020-08-27,TSLA,447.75
2020-08-28,TSLA,442.6799926757813
2020-08-31,TSLA,498.3200073242188
2020-09-01,TSLA,475.0499877929688
2020-09-02,TSLA,447.3699951171875
2020-09-03,TSLA,407.0
2020-09-04,TSLA,418.3200073242188
2020-09-08,TSLA,330.2099914550781
2020-09-09,TSLA,366.2799987792969
2020-09-10,TSLA,371.3399963378906
2020-09-11,TSLA,372.7200012207031
2020-09-14,TSLA,419.6199951171875
2020-09-15,TSLA,449.760009765625
2020-09-16,TSLA,441.760009765625
2020-09-17,TSLA,423.4299926757813
2020-09-18,TSLA,442.1499938964844
2020-09-21,TSLA,449.3900146484375
2020-09-22,TSLA,424.2300109863281
2020-09-23,TSLA,380.3599853515625
2020-09-24,TSLA,387.7900085449219
2020-09-25,TSLA,407.3399963378906
2020-09-28,TSLA,421.2000122070313
2020-09-29,TSLA,419.0700073242188
2020-09-30,TSLA,429.010009765625
2020-10-01,TSLA,448.1600036621094
2020-10-02,TSLA,415.0899963378906
2020-10-05,TSLA,425.6799926757813
2020-10-06,TSLA,413.9800109863281
2020-10-07,TSLA,425.2999877929688
2020-10-08,TSLA,425.9200134277344
2020-10-09,TSLA,434.0
2020-10-12,TSLA,442.2999877929688
2020-10-13,TSLA,446.6499938964844
2020-10-14,TSLA,461.2999877929688
2020-10-15,TSLA,448.8800048828125
2020-10-16,TSLA,439.6700134277344
