mdate,ticker,mret,mvol
2005-10,AAL,0.17468066845054775,6.072337009883339
2005-11,AAL,0.3610193020986896,4.735688193362637
2005-12,AAL,0.10568515191036632,4.22520893452536
2006-01,AAL,-0.2100167364494736,0.2610715355959915
2006-02,AAL,0.12781272595806215,6.54313662642154
2006-03,AAL,-4.173554990655644,3.646842365284943
2006-04,AAL,-1.411949494949495,1.4800736686665281
2006-05,AAL,0.07951842679547849,0.19466216577966358
2006-06,AAL,0.08222868305092446,3.5235779224981347
2006-07,AAL,-0.0959635815657911,4.563708957555451
2006-08,AAL,-0.07529153385228637,4.823373123520563
2006-09,AAL,0.0492307460558159,0.21327074422146552
2006-10,AAL,0.12474725842691248,0.1381789857942013
2006-11,AAL,0.1383871111858075,0.28887828505545315
2006-12,AAL,-0.05126892169687913,3.168491435079321
2007-01,AAL,0.03955553454436589,0.20021078707142848
2007-02,AAL,-0.06591605447307147,5.047117175151089
2007-03,AAL,-0.1302357189224277,1.4524659480782949
2007-04,AAL,-0.18777448403415442,3.4981606032928556
2007-05,AAL,-0.03492328764763142,6.397757891340156
2007-06,AAL,-0.15091032976580465,7.166160853985521
2007-07,AAL,0.02444562810125883,0.19443450362208647
2007-08,AAL,-0.0019326546807869605,0.28626140465581357
2007-09,AAL,-0.15185808437207615,0.23239374757468376
2007-10,AAL,0.053711560997292684,0.23038583962741999
2007-11,AAL,-0.24909687761253552,5.730318555486508
2007-12,AAL,-0.29176689290985514,9.81609789154824
2008-01,AAL,-0.05914463104912859,10.532693129193941
2008-02,AAL,-0.1040429200996359,8.773938099411163
2008-03,AAL,-0.28145423438836603,15.38756386211874
2008-04,AAL,-0.03591752184575825,0.5618151964464829
2008-05,AAL,-0.5389906274311258,0.4373761023589488
2008-06,AAL,-0.36868186323092167,39.95480301134205
2008-07,AAL,-43.00432771861343,22.150882592123455
2008-08,AAL,-1.0808474747474748,1.2293628653469586
2008-09,AAL,-0.2897587426129761,0.41799596132730016
2008-10,AAL,0.6816014917233979,31.877869963239085
2008-11,AAL,-0.4122329853338076,22.572676206430213
2008-12,AAL,0.29699040703365553,0.5628546088318873
2009-01,AAL,-0.26650108406290307,18.768054266168523
2009-02,AAL,-0.4973528146221915,24.213859280028586
2009-03,AAL,-0.1122897126693464,34.79928859281753
2009-04,AAL,0.4980503962098024,0.43164476502873844
2009-05,AAL,-0.3192555275678701,27.790027419476925
2009-06,AAL,-0.05813427619948197,0.3157525974785463
2009-07,AAL,-44.21445720022698,61.78901117503692
2009-08,AAL,-1.0323767676767677,31.38923743910161
2009-09,AAL,0.38236670514460447,48.94253786239114
2009-10,AAL,-0.3489358821007019,0.28199234412910223
2009-11,AAL,0.20587215751525245,34.315889047722706
2009-12,AAL,0.3116681518958231,38.551490840505444
2010-01,AAL,0.09710929452760309,1.141873516778541
2010-02,AAL,0.3804035157810628,19.67220936155425
2010-03,AAL,0.0027350476824450354,26.51940595863457
2010-04,AAL,-0.03809963632165336,16.512063820704242
2010-05,AAL,0.24893476564844286,29.41420262124292
2010-06,AAL,-0.024914708567584376,0.2991641921675347
2010-07,AAL,0.26015769372921005,0.2735453752434835
2010-08,AAL,-0.16681494227027882,19.46593328672895
2010-09,AAL,0.023232892143058237,12.561085879776053
2010-10,AAL,0.2745860281638457,12.403321070616862
2010-11,AAL,-0.053432779422217025,0.12189496736006837
2010-12,AAL,-0.1030510407755918,11.084218270410158
2011-01,AAL,-0.008986096982027791,0.22693188792944866
2011-02,AAL,-0.13205731394354148,0.22202027179480505
2011-03,AAL,0.011617592706664848,11.904856683041498
2011-04,AAL,0.043622812465748506,14.343480983099017
2011-05,AAL,0.001096913472198091,18.736828325813008
2011-06,AAL,-0.020876802387252424,12.781660007877203
2011-07,AAL,-0.2996618967118265,1.0827376384822198
2011-08,AAL,-0.10416985397861522,27.519223297103185
2011-09,AAL,-0.016091386933338336,0.3054647562159534
2011-10,AAL,0.0490829492198801,17.842703039554245
2011-11,AAL,-0.18198029266857862,0.23514554718590805
2011-12,AAL,0.07416230307661187,22.246606426206057
2012-01,AAL,0.6646860681632738,20.271521549312546
2012-02,AAL,-0.12203551723704553,20.34502734910026
2012-03,AAL,0.02429248321571209,15.692720996489722
2012-04,AAL,0.3517762808508258,20.495570522814056
2012-05,AAL,0.28849831997932274,0.2339604416201384
2012-06,AAL,-8.94351279788173,13.11380081661314
2012-07,AAL,-1.1091292929292929,8.843681285112881
2012-08,AAL,-0.06980877098798577,16.668081093715756
2012-09,AAL,-0.018756965451361185,0.24937570382518237
2012-10,AAL,0.1644339880946344,0.1474834426862285
2012-11,AAL,0.05828819256962703,0.13086676770777325
2012-12,AAL,0.047325932570215334,9.727262186148687
2013-01,AAL,0.05777480946020286,0.1628336424731996
2013-02,AAL,-0.05952177562526473,8.54774286203656
2013-03,AAL,0.26358897401469084,8.723253147167469
2013-04,AAL,-0.004125438327822417,0.131396619267733
2013-05,AAL,0.03964901489427142,9.257493486140143
2013-06,AAL,-0.06545520405699112,0.11757986747724916
2013-07,AAL,0.17843899791986995,7.1222233428678745
2013-08,AAL,-0.1648558272119286,0.19572474982021051
2013-09,AAL,0.1732689189810106,7.108037963949426
2013-10,AAL,0.15875218189141993,0.09577986165216808
2013-11,AAL,0.068733101583623,5.5529509130488925
2013-12,AAL,0.07538083449285327,0.19906307773892082
2014-01,AAL,0.32871510069651566,5.0232520171491455
2014-02,AAL,0.10074298902905543,4.362541727141608
2014-03,AAL,-0.008935700868006546,5.33276526372162
2014-04,AAL,-0.04180348536269385,4.105429152760217
2014-05,AAL,0.1451398739939327,0.09765895735588308
2014-06,AAL,0.06972174165687184,3.8240451127995962
2014-07,AAL,-0.09337978577883566,3.5187636169430245
2014-08,AAL,-3.696203255597345,3.6757019384358087
2014-09,AAL,-1.338720202020202,5.460737765761499
2014-10,AAL,0.16836994867788135,3.9569425915612415
2014-11,AAL,0.17363760965611963,0.13397862021230691
2014-12,AAL,0.10509043697248721,3.4981843422431687
2015-01,AAL,-0.0848397901390544,0.21390354740044548
2015-02,AAL,-0.022065005859774,3.4916268067075302
2015-03,AAL,0.10187917515073419,0.19235448157536225
2015-04,AAL,-0.08319597051322469,3.4241888993602396
2015-05,AAL,-0.12259259581729853,0.18562174721933491
2015-06,AAL,-0.05735124474379483,0.16041209966270553
2015-07,AAL,0.0040055055963914565,3.724888516858069
2015-08,AAL,-0.02566192834057235,5.883685550460699
2015-09,AAL,-0.0038470954429405957,3.7222174946852036
2015-10,AAL,0.190315950945098,4.734344966304128
2015-11,AAL,-0.10538878136989527,0.06650609646122559
2015-12,AAL,0.026419037329539208,5.60886689147446
2016-01,AAL,-0.07933958627778503,5.22054593599807
2016-02,AAL,0.05442209733606029,4.06186130887835
2016-03,AAL,0.0002443469319188818,0.10294691736685675
2016-04,AAL,-0.15410962389943517,0.15314326660198135
2016-05,AAL,-0.07747775391224299,5.774145088239561
2016-06,AAL,-0.11281765325454973,0.21843190884800323
2016-07,AAL,0.25397146280681904,0.24363358515695321
2016-08,AAL,0.02559773480711569,3.8506252663644798
2016-09,AAL,0.008539680362164681,0.11960891969789762
2016-10,AAL,0.10898482220786443,3.8555904444279183
2016-11,AAL,0.1467306173867935,3.6312132566700397
2016-12,AAL,0.005383664055797599,3.342388381314214
2017-01,AAL,-0.0522606226769301,3.470412505310978
2017-02,AAL,0.050013797877465516,0.08970064582421539
2017-03,AAL,-0.08757472360063079,3.2722846581945197
2017-04,AAL,0.007564662116640752,0.14977911739182637
2017-05,AAL,0.1382983620299103,0.15493480632147916
2017-06,AAL,0.039454977312004536,3.201086549631842
2017-07,AAL,0.002383341182251808,4.281130946529576
2017-08,AAL,-0.1112053011516605,1.4255128788967948
2017-09,AAL,0.06146679138522648,0.11846384461436382
2017-10,AAL,-0.014108232400434795,0.17451258495354238
2017-11,AAL,0.08074590088329225,3.1348167900845336
2017-12,AAL,0.030501372663373383,1.5268335667789636
2018-01,AAL,0.044013338092242726,0.17579697738286132
2018-02,AAL,0.0006308564348300738,0.15941845963649548
2018-03,AAL,-0.042212419281465796,3.269463899573281
2018-04,AAL,-0.173786484302635,0.13973740313459987
2018-05,AAL,0.01658043694496336,0.1320094222244741
2018-06,AAL,-3.3229621286780233,3.6366627405522234
2018-07,AAL,-1.3909363636363636,1.390998852769204
2018-08,AAL,0.02644518341097646,0.12633207072947716
2018-09,AAL,0.020998736350317904,0.11245753506464158
2018-10,AAL,-0.15122138834922738,5.533617102578535
2018-11,AAL,0.1479690241323619,3.6427214746995915
2018-12,AAL,-0.2004483703559382,1.4589129663228946
2019-01,AAL,0.11398461976644825,0.17166806398149154
2019-02,AAL,-0.0011988363900821142,0.0676617436026154
2019-03,AAL,-0.10861638404259555,3.9620378012607516
2019-04,AAL,0.07619704018532358,4.127349740625934
2019-05,AAL,-3.935264084820237,5.792743880064398
2019-06,AAL,-1.3259737373737375,4.588201260921996
2019-07,AAL,-0.06439757804123769,0.134946125723359
2019-08,AAL,-0.1346263397056291,4.834969124291887
2019-09,AAL,0.025087644096079442,0.15423107611213138
2019-10,AAL,0.11457256038142316,6.077509192629809
2019-11,AAL,-0.040813865458954934,0.11333324794267843
2019-12,AAL,-0.0020884117593646945,6.316584283111608
2020-01,AAL,-0.06415532784590405,0.14238082637167043
2020-02,AAL,-0.2876161129642648,5.215610800860915
2020-03,AAL,-0.3601049868766405,6.180848200166224
2020-04,AAL,-0.014766201804757961,9.592310572967262
2020-05,AAL,-0.12572855953372186,0.44323522606186666
2020-06,AAL,0.24476190476190474,0.771224212890965
2020-07,AAL,-0.1491966335118593,0.25956799817740794
2020-08,AAL,0.17356115107913683,9.648882144884066
2020-09,AAL,-0.0582375478927204,12.178786951089988
2020-10,AAL,0.013832384052075097,1.5017535392800239
1981-01,AAPL,-0.17221297836938432,0.22425153928628558
1981-02,AAPL,-0.062311557788944816,1437.612820488413
1981-03,AAPL,-0.07502679528402989,0.26323536469858716
1981-04,AAPL,0.15758980301274628,962.1313806921206
1981-05,AAPL,0.16816816816816815,1016.4551246650543
1981-06,AAPL,-0.21508140531276776,866.0695896248097
1981-07,AAPL,-0.03820960698689957,0.31747700847823246
1981-08,AAPL,-0.195232690124858,1332.2528332785264
1981-09,AAPL,-0.24259520451339922,1957.4951491139307
1981-10,AAPL,-1844.5754189944134,2454.280042929544
1981-11,AAPL,-1.0006626262626264,1.0369105256281743
1981-12,AAPL,0.18749999999999978,0.2362994912103544
1982-01,AAPL,-0.07830551989730417,0.223901025041071
1982-02,AAPL,-0.10445682451253491,0.11814709421694927
1982-03,AAPL,-0.07620528771384127,1463.0104846204756
1982-04,AAPL,-0.12457912457912468,2392.4847671497637
1982-05,AAPL,-0.05192307692307696,1890.0146807910032
1982-06,AAPL,-0.08924949290060846,2054.5077229668095
1982-07,AAPL,0.057906458797327254,2823.503092219591
1982-08,AAPL,0.334736842105263,2963.277967381292
1982-09,AAPL,0.014195583596214423,2147.863624236761
1982-10,AAPL,0.39035769828926914,0.3298855365766779
1982-11,AAPL,0.25615212527964215,0.3138326884927831
1982-12,AAPL,-0.06322350845948344,0.27777000604110846
1983-01,AAPL,0.36882129277566533,0.28016332050430454
1983-02,AAPL,0.11597222222222237,936.3150809385274
1983-03,AAPL,-0.07405102675793418,849.750859183975
1983-04,AAPL,0.19556451612903247,0.22961512543628576
1983-05,AAPL,-557.4924114671163,684.6716439207261
1983-06,AAPL,-1.0017383838383838,0.9791175953286841
1983-07,AAPL,-0.28646135967460773,0.21871243116562594
1983-08,AAPL,0.0684039087947883,889.1479902686029
1983-09,AAPL,-0.3795731707317074,0.5396942641879237
1983-10,AAPL,-0.020884520884520974,1452.5598180425804
1983-11,AAPL,-0.09912170639899609,0.2683068345052273
1983-12,AAPL,0.19637883008356538,1629.5785747647017
1984-01,AAPL,0.015133876600698537,0.24593029849978035
1984-02,AAPL,0.06077981651376141,1194.4438649297235
1984-03,AAPL,-0.05729729729729727,1056.8630127455374
1984-04,AAPL,0.26720183486238525,1497.9364736123755
1984-05,AAPL,-896.9276018099547,931.8549294239702
1984-06,AAPL,-1.0009424242424243,1.0056940938171108
1984-07,AAPL,-0.03751339764201489,1056.3869993657702
1984-08,AAPL,0.03897550111358572,0.2518526798833342
1984-09,AAPL,-0.05144694533762062,1095.4208501599883
1984-10,AAPL,-0.01016949152542368,1069.8151968857844
1984-11,AAPL,-0.004566210045662045,1856.2278541299736
1984-12,AAPL,0.17660550458715596,1598.9691177786826
1985-01,AAPL,-0.004873294346978585,928.343309795765
1985-02,AAPL,-0.14593535749265418,1042.7715965641692
1985-03,AAPL,-0.10665137614678899,1659.1202604767955
1985-04,AAPL,-0.03979460847240046,1229.2371343108532
1985-05,AAPL,-1324.5294117647059,2757.9531238577547
1985-06,AAPL,-1.000640404040404,1.4476843195196167
1985-07,AAPL,-0.1182965299684543,2913.6601320460054
1985-08,AAPL,-0.05545617173524153,1743.6998556722676
1985-09,AAPL,0.05113636363636376,0.18136503385450822
1985-10,AAPL,0.18198198198198212,2048.4485735099793
1985-11,AAPL,0.08079268292682928,1547.3915180156453
1985-12,AAPL,0.09308885754583907,1971.15766529828
1986-01,AAPL,0.05032258064516126,0.13594017309889062
1986-02,AAPL,0.0823095823095823,1137.310063974067
1986-03,AAPL,0.12939841089670834,1.0515120058340572
1986-04,AAPL,0.07035175879396971,0.168555346849746
1986-05,AAPL,0.22347417840375594,0.15782154892683462
1986-06,AAPL,-0.029930928626247022,1064.8157061167296
1986-07,AAPL,-0.12895569620253167,1134.5049991330407
1986-08,AAPL,0.18346957311534973,900.1516977291692
1986-09,AAPL,-0.09439754412893331,792.9486999495241
1986-10,AAPL,0.033898305084745894,821.3617551054348
1986-11,AAPL,0.15491803278688532,827.7014525967974
1986-12,AAPL,0.012065294535131388,652.7123689009125
1987-01,AAPL,0.370967741935484,0.20747464436497823
1987-02,AAPL,0.26086956521739135,524.030841611986
1987-03,AAPL,-0.07829614604462465,416.9383573847056
1987-04,AAPL,0.22843309859154926,376.9691286471625
1987-05,AAPL,-0.0014331780723755294,514.2783509404334
1987-06,AAPL,0.025116612845353492,483.3058079211522
1987-07,AAPL,0.018550927546377327,0.18009541561367445
1987-08,AAPL,0.31099656357388317,271.7649303150345
1987-09,AAPL,0.046133682830930445,363.96413618375243
1987-10,AAPL,-0.3162114758205964,518.7946588042222
1987-11,AAPL,-0.1440087944301941,1.0398231545577237
1987-12,AAPL,0.2726883561643836,0.23369553180315994
1988-01,AAPL,-0.011772620248906795,0.19765284798293148
1988-02,AAPL,0.038121170864533704,350.42510384159203
1988-03,AAPL,-0.06983606557377042,0.1648990784718366
1988-04,AAPL,0.025026436376454075,363.0198215314339
1988-05,AAPL,0.014442916093535096,343.39404200899094
1988-06,AAPL,0.1142372881355933,0.10676631762293606
1988-07,AAPL,-0.040462427745664664,446.90100117350096
1988-08,AAPL,-0.09987317691819919,0.9575738562872456
1988-09,AAPL,0.0848890454385347,359.7791831506037
1988-10,AAPL,-0.1071428571428571,0.14285310340623636
1988-11,AAPL,-0.023272727272727334,366.8031599874846
1988-12,AAPL,0.06999255398361881,0.11541838989689587
1989-01,AAPL,-0.06228253305497555,0.1957033759711229
1989-02,AAPL,-0.03710575139146566,387.1845823987768
1989-03,AAPL,-0.017341040462427793,386.896798652736
1989-04,AAPL,0.09490196078431379,361.99696660732985
1989-05,AAPL,0.22707736389684818,448.73632329150956
1989-06,AAPL,-0.1360186806771746,312.62921040550384
1989-07,AAPL,-0.03648648648648645,0.08504737597718139
1989-08,AAPL,0.12201963534361848,326.4461816729526
1989-09,AAPL,0.0,317.09979277673483
1989-10,AAPL,0.04499999999999993,0.1534011709488637
1989-11,AAPL,-0.046052631578947234,495.5984335078276
1989-12,AAPL,-0.20344827586206904,320.7719523683634
1990-01,AAPL,-0.0354191263282172,0.19605641360822817
1990-02,AAPL,0.003263973888208982,425.6368352459275
1990-03,AAPL,0.1838145587637252,0.18454642163210272
1990-04,AAPL,-0.021642047406389642,349.4605520723144
1990-05,AAPL,0.050561797752809,0.14884758687278704
1990-06,AAPL,0.08489304812834209,351.02540147224875
1990-07,AAPL,-0.06161429451632783,0.193650938877078
1990-08,AAPL,-0.11621799080761652,0.17471136055338965
1990-09,AAPL,-0.2161961367013373,398.3762842140698
1990-10,AAPL,0.06018957345971576,752.6960315043681
1990-11,AAPL,0.19892713455520772,376.39445737125845
1990-12,AAPL,0.17002237136465337,446.4118635865366
1991-01,AAPL,0.2909496494582535,0.14853882495357654
1991-02,AAPL,0.033571957541347786,404.1341429821918
1991-03,AAPL,0.1879627418199188,288.55019086806016
1991-04,AAPL,-0.19119420989143554,185.2265533594309
1991-05,AAPL,-0.14342530449912994,0.26643082386107747
1991-06,AAPL,-0.11694718514219382,0.17187165949566163
1991-07,AAPL,0.1143608281301347,398.5910842979776
1991-08,AAPL,0.14862872309053365,0.1727634552127971
1991-09,AAPL,-0.06598202824133503,0.12733006226514515
1991-10,AAPL,0.04040681693238035,237.12067186601627
1991-11,AAPL,-0.012153236459709338,0.19902274135941372
1991-12,AAPL,0.11072479272532765,267.0868392642398
1992-01,AAPL,0.1485673007464483,207.70702790359422
1992-02,AAPL,0.04444444444444451,214.24044807103132
1992-03,AAPL,-0.137093536732236,204.07880921486935
1992-04,AAPL,0.03233310072109785,0.18218757836646746
1992-05,AAPL,-0.006309148264984188,232.95385113103225
1992-06,AAPL,-0.1950113378684808,0.2084746336582161
1992-07,AAPL,-0.026197183098591426,0.15733551615226635
1992-08,AAPL,-0.01330633497251954,305.1888413863618
1992-09,AAPL,-0.019055995309293472,377.911649921975
1992-10,AAPL,0.16347878063359222,1.0119778469529754
1992-11,AAPL,0.09761109684048308,0.11401705791693345
1992-12,AAPL,0.03908261174818617,0.11226246954432251
1993-01,AAPL,-0.004054054054054124,228.5319424968899
1993-02,AAPL,-0.10741745816372683,1.0466913886527063
1993-03,AAPL,-0.028375981758297364,0.09779992676607649
1993-04,AAPL,-0.004693611473272519,0.1347165904089073
1993-05,AAPL,0.10715221378045592,232.8616716571003
1993-06,AAPL,-0.30241362991008036,0.24096108974362862
1993-07,AAPL,-0.2974898236092266,0.37224905541204595
1993-08,AAPL,-0.041042974408498356,474.37455026355474
1993-09,AAPL,-0.1178247734138973,0.14530740753591564
1993-10,AAPL,0.31563926940639275,0.3044176437772774
1993-11,AAPL,0.02819956616052055,0.11672852005130158
1993-12,AAPL,-0.07172995780590707,584.8367303574206
1994-01,AAPL,0.1200000000000001,376.9650431428985
1994-02,AAPL,0.11850649350649345,0.16541143699868455
1994-03,AAPL,-0.08925979680696661,0.11684757171455558
1994-04,AAPL,-0.09760956175298807,466.24633208018696
1994-05,AAPL,-0.021192052980132492,0.17025662072097175
1994-06,AAPL,-0.09382047812359051,638.6923857257428
1994-07,AAPL,0.2707814833250375,423.32902619075907
1994-08,AAPL,0.07794751273012124,376.31001413145543
1994-09,AAPL,-0.06904069767441867,0.08671861780081407
1994-10,AAPL,0.282201405152225,329.4417483152269
1994-11,AAPL,-0.13485540334855406,0.12490124743424719
1994-12,AAPL,0.046798029556650134,496.420036915068
1995-01,AAPL,0.03529411764705892,0.2569982867265935
1995-02,AAPL,-0.018831168831168754,464.05200412535385
1995-03,AAPL,-0.10787557908669765,0.21388412740017132
1995-04,AAPL,0.08531157270029688,498.2349447526864
1995-05,AAPL,0.08954203691045781,0.12582281081920607
1995-06,AAPL,0.11731493099121715,286.4331463943193
1995-07,AAPL,-0.030881527231892192,0.1456395986723913
1995-08,AAPL,-0.04200463499420626,0.09953700670368529
1995-09,AAPL,-0.13365588146356222,364.8276812570937
1995-10,AAPL,-0.025130890052355914,0.21709562038847355
1995-11,AAPL,0.05334765485141424,476.04904177107284
1995-12,AAPL,-0.16417403127124408,408.68853075558195
1996-01,AAPL,-0.13338755591703944,366.88853552834775
1996-02,AAPL,-0.004223369310183078,446.73815599810234
1996-03,AAPL,-0.10697455230914232,1.0019158537391315
1996-04,AAPL,-0.0073878627968337884,0.12386394817915243
1996-05,AAPL,0.0717703349282297,0.19926725197847753
1996-06,AAPL,-492.07142857142856,818.0756092847715
1996-07,AAPL,0.0,587.4893203812593
1996-08,AAPL,-1.001889898989899,1.0020458334539184
1996-09,AAPL,-0.08498129342597538,612.4451709767334
1996-10,AAPL,0.03679906542056077,553.4725121480542
1996-11,AAPL,0.04845070422535214,516.7073915553206
1996-12,AAPL,-0.13433637829124123,0.15812655433447317
1997-01,AAPL,-0.20360024829298573,702.3229888451366
1997-02,AAPL,-0.02260327357755254,0.1746555948449616
1997-03,AAPL,0.12280701754385959,0.17130968034272634
1997-04,AAPL,-0.06818181818181812,0.22925630172812977
1997-05,AAPL,-0.02210365853658547,0.13070429933841848
1997-06,AAPL,-0.14341387373343728,825.2565695016027
1997-07,AAPL,0.2283894449499546,0.3377762965660633
1997-08,AAPL,0.24296296296296283,0.6474499018645736
1997-09,AAPL,-0.0029797377830751426,0.1312099792508653
1997-10,AAPL,-0.21458457860131508,564.6457254973006
1997-11,AAPL,0.042617960426179824,0.1718130086613634
1997-12,AAPL,-0.2605839416058394,0.18796201391712195
1998-01,AAPL,0.3948667324777888,0.47100135780457564
1998-02,AAPL,0.2901627742392072,763.5562349371878
1998-03,AAPL,0.16401535929786082,463.03335746476137
1998-04,AAPL,-0.004712535344015056,468.591866757186
1998-05,AAPL,-0.027462121212121215,0.17506521731730784
1998-06,AAPL,0.07740993184031164,635.4495495265678
1998-07,AAPL,0.20741075463172165,386.001775982688
1998-08,AAPL,-0.09955089820359275,371.5021360727496
1998-09,AAPL,0.22277639235245217,1.0318471930351922
1998-10,AAPL,-0.02651257647858607,336.3138929859362
1998-11,AAPL,-0.13966480446927365,0.15786307867320457
1998-12,AAPL,0.28206168831168843,349.1249997167568
1999-01,AAPL,0.0060145615701172606,0.1772478996538746
1999-02,AAPL,-0.15481434864694787,0.16335884985871907
1999-03,AAPL,0.03239017125837673,0.20422868554975718
1999-04,AAPL,0.27984132708258214,0.2500373827064298
1999-05,AAPL,-0.0419836573682727,0.24087752851264196
1999-06,AAPL,0.05088235294117638,0.19524338742851732
1999-07,AAPL,0.20263084242933105,278.04048361994313
1999-08,AAPL,0.17151501047242235,0.14210966121756574
1999-09,AAPL,-0.029598728645212513,0.38246339793385814
1999-10,AAPL,0.2655066530194472,0.3042580744504957
1999-11,AAPL,0.2216111290844387,0.20978712025762164
1999-12,AAPL,0.05045021186440679,0.3467843841866468
2000-01,AAPL,0.00907601159712601,124.71913654274738
2000-02,AAPL,0.10480949406620854,167.89512629784562
2000-03,AAPL,0.1848710990502036,0.22322563152159952
2000-04,AAPL,-0.08655406050195624,109.88708421032354
2000-05,AAPL,-0.3229210196406185,127.14261436779616
2000-06,AAPL,0.24702977935503778,113.63296852521387
2000-07,AAPL,-123.49443207126949,127.4462136177659
2000-08,AAPL,-1.0094979797979797,0.9810095862852124
2000-09,AAPL,-0.5774752738487716,110.63933085147703
2000-10,AAPL,-0.24012081550465636,0.6594463233302275
2000-11,AAPL,-0.15667439549519713,0.2373515068240606
2000-12,AAPL,-389.84524744697563,581.8886264206955
2001-01,AAPL,-1.003370707070707,375.50490212026824
2001-02,AAPL,-0.15612825891519322,343.5784802452039
2001-03,AAPL,0.20951704545454541,0.2738182608549197
2001-04,AAPL,0.15472695243687595,0.26332704225356335
2001-05,AAPL,-0.21739130434782605,0.19086593958807993
2001-06,AAPL,0.165692007797271,0.18589019768912984
2001-07,AAPL,-0.19202898550724645,467.13311872719004
2001-08,AAPL,-342.49706795446707,334.16037747296417
2001-09,AAPL,-1.0024171717171717,1.1805320762471534
2001-10,AAPL,0.13246970330129537,0.2674633992811041
2001-11,AAPL,0.2129151291512914,0.18980930448035682
2001-12,AAPL,0.027989047763918418,0.14675051766893024
2002-01,AAPL,0.12903225806451624,0.18229618466831773
2002-02,AAPL,-0.12214941022280479,0.22151866683099497
2002-03,AAPL,0.0907733651836371,0.17867355833404178
2002-04,AAPL,0.02518477963317811,251.64339233311594
2002-05,AAPL,-0.040053404539385884,268.121278337007
2002-06,AAPL,-0.23949930458970792,0.2754846141173523
2002-07,AAPL,-0.13862472567666417,0.2891001941860714
2002-08,AAPL,-0.033545647558386404,0.16256679393997822
2002-09,AAPL,-0.016695957820738183,448.25920410079914
2002-10,AAPL,0.10813226094727435,446.0845781800754
2002-11,AAPL,-0.03548387096774197,0.21171663252121048
2002-12,AAPL,-0.07566889632107021,424.20287935174633
2003-01,AAPL,0.002261420171868034,434.40233715921454
2003-02,AAPL,0.045126353790613694,0.09266475705007775
2003-03,AAPL,-0.05785837651122627,447.4973732492273
2003-04,AAPL,0.005499541704858002,0.14791586574802024
2003-05,AAPL,0.2625341841385598,0.27507608508866926
2003-06,AAPL,0.061732851985559334,0.13605267880205638
2003-07,AAPL,0.10608636518191084,0.15375867226731477
2003-08,AAPL,0.07254841684598845,296.91772726221944
2003-09,AAPL,-0.08369160217827454,0.1185494023267328
2003-10,AAPL,0.10478573662808888,296.81648971825337
2003-11,AAPL,-0.08635334088335234,295.66179208584055
2003-12,AAPL,0.02200185931205456,0.0999589446405753
2004-01,AAPL,0.055488174651303845,0.1982901627866372
2004-02,AAPL,0.060327492099971236,0.1192656882986557
2004-03,AAPL,0.13058791655377955,0.2649830058152092
2004-04,AAPL,-0.04672897196261683,0.1552913921282104
2004-05,AAPL,0.08848667672197097,331.3511455427472
2004-06,AAPL,0.15958429561200926,0.15624972448990268
2004-07,AAPL,-0.006174068910575592,0.17367613956465566
2004-08,AAPL,0.0665330661322645,0.10748072698637895
2004-09,AAPL,0.12363773017662516,0.17440357907777376
2004-10,AAPL,0.3521739130434782,0.26617028330946635
2004-11,AAPL,0.2796190947316348,118.14880769745122
2004-12,AAPL,-0.03952836570986751,0.11478569764921341
2005-01,AAPL,0.1940028174683035,0.14993337360326076
2005-02,AAPL,0.16677903252991744,0.15085256330700966
2005-03,AAPL,-0.07114481762369085,104.62516992750749
2005-04,AAPL,-0.1346034214618974,91.29974651208371
2005-05,AAPL,0.10261479018779762,0.15530954897977203
2005-06,AAPL,-0.07424007823323298,118.59370706284857
2005-07,AAPL,0.15871478873239453,113.17068804938584
2005-08,AAPL,0.0993694446554736,0.09650425533738853
2005-09,AAPL,0.14332112500863792,0.12265434598561713
2005-10,AAPL,0.07422181928074956,60.80374578951236
2005-11,AAPL,0.1776852529117201,0.16166245867795712
2005-12,AAPL,0.06000668864363856,45.63031540438712
2006-01,AAPL,0.05034479650245638,0.13503594592838142
2006-02,AAPL,-0.09298832818400271,0.18154491911473283
2006-03,AAPL,-0.08421251833278143,0.15869348840191386
2006-04,AAPL,0.1222813452497804,54.88859806690797
2006-05,AAPL,-0.150893021542994,0.9940583423920409
2006-06,AAPL,-0.04179767971375903,54.44949130875193
2006-07,AAPL,0.18664780763790656,58.3893041639907
2006-08,AAPL,-0.0016210546390770242,0.1449381180465139
2006-09,AAPL,0.1345749761222541,0.1363392440763864
2006-10,AAPL,0.053245222661840286,0.09100866432414764
2006-11,AAPL,0.130479958438237,0.13506837314291129
2006-12,AAPL,-0.07441317873303177,0.10902024901915995
2007-01,AAPL,0.010502998128556706,0.18202149914309923
2007-02,AAPL,-0.013077330108095753,0.08928402881102784
2007-03,AAPL,-38.91360294117647,33.81354489440636
2007-04,AAPL,-1.031111111111111,1.0642860296758199
2007-05,AAPL,0.2143506493506493,0.1304071325606243
2007-06,AAPL,0.00700497299609637,0.10660383974954535
2007-07,AAPL,0.07965165675446051,0.16685497901046545
2007-08,AAPL,0.05100334448160537,0.1952578731207482
2007-09,AAPL,0.10824090972904687,0.16694810365901325
2007-10,AAPL,0.23771218647073744,0.1708126545540726
2007-11,AAPL,-0.040700748852839364,0.20779635452463183
2007-12,AAPL,0.08704233867382682,0.19355063511993525
2008-01,AAPL,-0.31664267486749975,0.2601313517217779
2008-02,AAPL,-0.07638539796529031,0.15973362463169297
2008-03,AAPL,0.14780738129794724,0.13947719800925393
2008-04,AAPL,0.21220674238489856,28.167083995251215
2008-05,AAPL,0.0850703175933687,25.54736013773518
2008-06,AAPL,-0.1128888278514042,0.11412513463507792
2008-07,AAPL,-0.05071986995897515,0.1369757969854238
2008-08,AAPL,0.06657833044541839,19.22776673678034
2008-09,AAPL,-0.32956174385046155,19.273171237567404
2008-10,AAPL,-0.05339529049546721,35.272741656974276
2008-11,AAPL,-0.13868393314259908,0.26593782754722994
2008-12,AAPL,-0.0789860139860139,0.21619428254467313
2009-01,AAPL,0.05599635549143911,0.2069251574550444
2009-02,AAPL,-0.009095484613172333,0.27696581008478477
2009-03,AAPL,0.17701266190182507,0.18738977675286062
2009-04,AAPL,0.19702854324640895,0.15236890738021674
2009-05,AAPL,0.07931194314260703,0.16010653191705718
2009-06,AAPL,0.048742663549172116,23.19206877961029
2009-07,AAPL,0.14716654912755667,0.1101106025260362
2009-08,AAPL,0.02948875580057897,0.08152915085193249
2009-09,AAPL,0.10190125787375037,20.398491724526384
2009-10,AAPL,0.016992115798122542,0.1397442956004769
2009-11,AAPL,0.06052428018908462,0.0686926276328692
2009-12,AAPL,0.05413641078838172,0.1381951476013954
2010-01,AAPL,-0.08859708469155547,0.12316037879099731
2010-02,AAPL,0.06539123393056001,0.06689533123883613
2010-03,AAPL,0.14847189231987334,14.748884193555284
2010-04,AAPL,0.11102225408818911,0.16165913616996488
2010-05,AAPL,-0.016121025590111415,0.1454809660233638
2010-06,AAPL,-0.02083780067861607,0.1693307430817129
2010-07,AAPL,0.022749816429850522,0.0843039896669359
2010-08,AAPL,-0.05500484929401839,0.09200203391852067
2010-09,AAPL,-14.195425585796924,12.18054355946087
2010-10,AAPL,-1.0938272727272726,1.0938566465562676
2010-11,AAPL,0.03378225624132036,0.12171053430106947
2010-12,AAPL,0.03667718454184765,0.02454766686291941
2011-01,AAPL,0.0519543139559413,0.07755487749363756
2011-02,AAPL,0.040937347809894886,10.47196847691943
2011-03,AAPL,-0.013301776016439115,0.1077418063926301
2011-04,AAPL,0.004648654679335618,10.747416942433341
2011-05,AAPL,-0.0065705454478149905,10.403379133220298
2011-06,AAPL,-0.03496106122144793,0.07515589816965278
2011-07,AAPL,0.16328008108499437,0.06336343164999775
2011-08,AAPL,-0.01446352999751066,0.22185473691165353
2011-09,AAPL,-0.009127114434144157,0.11017818786284622
2011-10,AAPL,0.061529702675832576,0.13039687390081223
2011-11,AAPL,-0.05578591783804554,0.07492927661518838
2011-12,AAPL,0.059658344283836984,9.481243785533836
2012-01,AAPL,0.12710413466461845,12.095865567577269
2012-02,AAPL,0.18831053599187952,7.74261851044514
2012-03,AAPL,0.10528768039759151,6.9050610672695285
2012-04,AAPL,-0.025968200438838185,0.23871008074373476
2012-05,AAPL,-0.010703050008600279,0.08934998117640386
2012-06,AAPL,0.010852495793606254,0.06340670095661598
2012-07,AAPL,0.04581795988570492,6.467716100594802
2012-08,AAPL,0.09388147039943129,0.10568263401255454
2012-09,AAPL,0.0027935534873344547,6.032623203814983
2012-10,AAPL,-0.10760041593112968,0.11563913478108659
2012-11,AAPL,-0.012372843694618774,0.13849178508001586
2012-12,AAPL,-0.09074596398037693,0.14078894040472664
2013-01,AAPL,-0.14408830576292875,0.21870424671543678
2013-02,AAPL,-0.02528521668006367,0.08573987014283484
2013-03,AAPL,0.0028574322173673394,0.11447652840127223
2013-04,AAPL,0.0002668955716975674,0.13647725965856566
2013-05,AAPL,0.022420457495601065,0.1348371560135622
2013-06,AAPL,-0.11829140128511673,8.177936348783652
2013-07,AAPL,0.14122522118938297,8.27242375469679
2013-08,AAPL,0.08376559652320203,7.110306460469536
2013-09,AAPL,-0.021492788306060384,7.519425196392474
2013-10,AAPL,0.09638633854858636,0.07288826019360009
2013-11,AAPL,0.07004925573796195,0.053904328868690614
2013-12,AAPL,-6.577841882268097,9.024480656740888
2014-01,AAPL,-1.1613969696969697,6.880135214471884
2014-02,AAPL,0.05751550540420447,0.06015416824304685
2014-03,AAPL,0.01994993282950519,0.03584239994822284
2014-04,AAPL,0.09939423478624132,0.1300577318979618
2014-05,AAPL,0.07871264659003363,0.09418986597905785
2014-06,AAPL,0.027663072196019378,0.05913530252613387
2014-07,AAPL,0.028727587815770228,0.0785288621846467
2014-08,AAPL,0.07750976508265595,0.06665330013404869
2014-09,AAPL,-0.017072982166786987,0.07221501793296951
2014-10,AAPL,0.07196011343724473,0.08584329407760759
2014-11,AAPL,0.10598124059889846,5.161788472140366
2014-12,AAPL,-0.07189402762830055,6.596091537065777
2015-01,AAPL,0.06142726658988917,0.12442525573543509
2015-02,AAPL,0.10077522280172713,4.626835243253708
2015-03,AAPL,-0.03137182925295612,0.09478922036723061
2015-04,AAPL,0.005786310060600153,4.4428535962610685
2015-05,AAPL,0.045340366742024685,0.07490260074499713
2015-06,AAPL,-0.037229497910742704,0.03879985592244225
2015-07,AAPL,-0.03292509177635339,0.09451736484901607
2015-08,AAPL,-0.06619589568957795,0.2049672068323566
2015-09,AAPL,-0.021818907672701005,0.1518583818651219
2015-10,AAPL,0.0834105107839136,0.09684841643583234
2015-11,AAPL,-0.005802686912079524,0.0939705235638961
2015-12,AAPL,-0.11022781508104507,6.646068412298732
2016-01,AAPL,-5.0536888568597425,5.806569650074278
2016-02,AAPL,-1.2278333333333333,5.679833904119449
2016-03,AAPL,0.12721065815433064,5.201908913296389
2016-04,AAPL,-0.139922437934615,0.1391888316099007
2016-05,AAPL,0.07177383581877961,0.08455992164206146
2016-06,AAPL,-0.04265940742763519,5.192466542672005
2016-07,AAPL,0.09006105985648705,0.0956039339653455
2016-08,AAPL,0.023653082669261805,0.05071085939035293
2016-09,AAPL,0.06550514854490697,0.1258435881422276
2016-10,AAPL,0.004333450791341953,0.06289499357640978
2016-11,AAPL,-0.021599892504422957,0.07881150577903993
2016-12,AAPL,0.04795312267530338,4.917119387513506
2017-01,AAPL,0.04774645887710638,0.024028660295485088
2017-02,AAPL,0.13377945013671888,0.16441353220916763
2017-03,AAPL,0.04869131928377257,0.0374346668531192
2017-04,AAPL,-7.013237485742341e-05,0.043845352814761054
2017-05,AAPL,0.0678052287352493,3.909459609318957
2017-06,AAPL,-0.057213154236044894,0.08135135309481645
2017-07,AAPL,0.03270408118833146,0.05074445063398976
2017-08,AAPL,0.10699959803119619,0.0825004201925683
2017-09,AAPL,-0.06024417618469635,0.0684727920754146
2017-10,AAPL,0.0968091459081466,0.08039838871473683
2017-11,AAPL,0.020277544424106342,3.7764376941317996
2017-12,AAPL,-0.015245757555270134,0.05503522218497602
2018-01,AAPL,-0.01063668061024825,0.06989727540552933
2018-02,AAPL,0.06818407121755854,0.1328832193174508
2018-03,AAPL,-0.05804996658994732,3.520253037624974
2018-04,AAPL,-0.01502014837876986,0.07011163845469666
2018-05,AAPL,0.13512465928130246,0.11118542902031837
2018-06,AAPL,-0.00942005837968829,0.07205549222673846
2018-07,AAPL,0.027984049781051512,3.4062884133037348
2018-08,AAPL,0.20042316412537442,0.08512908598150702
2018-09,AAPL,-0.008302785857690287,0.07363648237680893
2018-10,AAPL,-0.03047793162228507,0.10085107575207913
2018-11,AAPL,-0.1811972348433728,3.234806873604617
2018-12,AAPL,-0.11669810543280201,0.13788942069538856
2019-01,AAPL,0.055153414141728474,0.17843449848577747
2019-02,AAPL,0.04477663264002829,0.046907734900391865
2019-03,AAPL,0.09702559231901287,0.1006436621949529
2019-04,AAPL,0.05643621432689061,3.2524772057443876
2019-05,AAPL,-0.12421293065675665,0.12000066844625656
2019-06,AAPL,0.13051756285684513,0.09912536080193388
2019-07,AAPL,0.07639463698871518,3.1912538849230487
2019-08,AAPL,-0.01646074868997338,0.11169783248235633
2019-09,AAPL,0.072961722238027,0.08870518474443492
2019-10,AAPL,0.11068424166342017,2.8991304215868126
2019-11,AAPL,0.07755403627860136,3.055532405369322
2019-12,AAPL,0.09878426094911141,0.09561210968318415
2020-01,AAPL,0.054009422640396876,0.0781636361665172
2020-02,AAPL,-0.114701492440203,2.9367763687367683
2020-03,AAPL,-0.06976046847990958,0.3123114378347644
2020-04,AAPL,0.15537363241623847,3.0521286435084716
2020-05,AAPL,0.08509311418642529,0.08649962135551366
2020-06,AAPL,0.14738744597747222,3.6624358576801606
2020-07,AAPL,0.1651315579897601,0.1591543361147381
2020-08,AAPL,0.21656886850798718,0.2295575929727134
2020-09,AAPL,-0.1025263484190948,0.20467531579411388
2020-10,AAPL,0.027717813660305568,0.13908309034991473
2012-06,FB,0.05067567567567566,0.2686945377095237
2012-07,FB,-0.3019292604501608,5.969608356106194
2012-08,FB,-0.16812528788576697,0.23998021629602573
2012-09,FB,0.19933554817275767,0.33860255499542874
2012-10,FB,-0.025392428439519832,7.837315014716405
2012-11,FB,0.32638559924206545,5.39698244508088
2012-12,FB,-0.049285714285714266,0.11578558150745559
2013-01,FB,0.16378662659654397,4.222322639023868
2013-02,FB,-0.12040025823111689,0.14141409789402695
2013-03,FB,-0.061284403669724874,6.583135794427402
2013-04,FB,0.08561376075058647,6.4719886652079754
2013-05,FB,-0.12315448325531142,0.1454195686611917
2013-06,FB,0.021765913757700206,0.09979993652162925
2013-07,FB,0.4790996784565915,0.40167409090044726
2013-08,FB,0.12201086956521756,3.6734985523296526
2013-09,FB,0.2165173165415355,4.47110002921145
2013-10,FB,-0.00039816842524376117,3.4571224713271587
2013-11,FB,-0.06373232423819963,3.230859315063719
2013-12,FB,0.16251861306105075,4.3140342289202875
2014-01,FB,0.14492223238792312,4.172687066030631
2014-02,FB,0.0941345692824036,4.200409050331043
2014-03,FB,-0.12007011393514455,0.17793340382066772
2014-04,FB,-0.0076361221779548405,0.19659459456208322
2014-05,FB,0.05888256942121095,0.16300724818258044
2014-06,FB,0.06303317535545028,0.08702231085359118
2014-07,FB,0.07965522365879019,3.8103197929041412
2014-08,FB,0.02986923606331704,2.8358306366228683
2014-09,FB,0.05640203154236856,2.865981121600156
2014-10,FB,-0.05123987854251022,2.76772228646657
2014-11,FB,0.03613815175356727,2.981927478008152
2014-12,FB,0.00411840411840414,0.10628344824565576
2015-01,FB,-0.027044347603178642,0.08110917029703343
2015-02,FB,0.04031089448030567,2.9753794529002913
2015-03,FB,0.04115486893757114,2.709936222152896
2015-04,FB,-0.041960593529554835,0.074628445479287
2015-05,FB,0.005331979179890922,0.07171717737039139
2015-06,FB,0.08309129940649074,3.698936602258979
2015-07,FB,0.09607088725661672,2.695273276735865
2015-08,FB,-0.048718221465801514,0.16013444334080357
2015-09,FB,0.0052555071005255805,3.7011260991674444
2015-10,FB,0.13426028921023359,2.7314196331931617
2015-11,FB,0.02226144944591546,2.8387528707159557
2015-12,FB,0.004029163468917796,2.697372046054358
2016-01,FB,0.07213835276132241,0.18212398708733685
2016-02,FB,-0.0471437483290259,0.2826157057064022
2016-03,FB,0.0671530115974559,3.6615950151219563
2016-04,FB,0.03049956178790536,3.728622920397857
2016-05,FB,0.010460962748766844,4.308320302002529
2016-06,FB,-0.03812810369497521,0.08556279389815466
2016-07,FB,0.0845292264613231,2.9051517414514367
2016-08,FB,0.017589156043246845,4.204355934247225
2016-09,FB,-1.784966698382493,1.77627287093136
2016-10,FB,-2.323131313131313,4.2359475785204435
2016-11,FB,-0.09596152378044132,3.6926650880314966
2016-12,FB,-0.028458030738051088,4.279563760202074
2017-01,FB,0.13272490221642763,3.8885908302728196
2017-02,FB,0.04005524861878462,0.04298285399765651
2017-03,FB,0.04803010181496248,0.028896492837641927
2017-04,FB,0.05772615276311144,4.638166791316399
2017-05,FB,0.008053244592346243,2.864175280678694
2017-06,FB,-0.003169153571900285,2.9029860159290632
2017-07,FB,0.12100940521923431,0.07321366560747504
2017-08,FB,0.01607090103397346,2.943669648935169
2017-09,FB,-0.0063964644996219455,0.06707541070100041
2017-10,FB,0.05378357815883428,0.06804896315447662
2017-11,FB,-0.015994668443852,3.1262529690787866
2017-12,FB,-0.00406366407043679,3.217702742995914
2018-01,FB,0.05910687974611806,4.9482212449405765
2018-02,FB,-0.04585585103536838,3.315258496451262
2018-03,FB,-0.10391431135038132,0.16462657209214707
2018-04,FB,0.07641279178922344,4.090508267188418
2018-05,FB,0.11499999999999999,0.06893516436933352
2018-06,FB,0.013244342475753346,3.2526616137361017
2018-07,FB,-0.11187731576780557,0.2728447795002676
2018-08,FB,-1.5736470042878663,3.2590570382599386
2018-09,FB,-2.661212121212121,2.8649108467550555
2018-10,FB,-0.07704000972880953,3.7804167449045334
2018-11,FB,-0.07365439093484405,4.073589098300826
2018-12,FB,-0.06770499964440657,2.5068793762867
2019-01,FB,0.2715691509649858,0.18325946244251223
2019-02,FB,-0.031435599016137794,4.257400957342433
2019-03,FB,0.03245586868999695,3.0433657326896038
2019-04,FB,0.16023756674065637,4.905172791122684
2019-05,FB,-0.08236814891416755,0.07533104979033305
2019-06,FB,0.08750774778835857,0.16484405624399184
2019-07,FB,0.0063730569948186044,0.08903418976630216
2019-08,FB,-0.0440714616691551,3.133015051731351
2019-09,FB,-0.04087897883341396,0.09467716093900744
2019-10,FB,-1.5559299191374663,3.276707660290956
2019-11,FB,-3.036767676767677,3.0424956166000565
2019-12,FB,0.017903193810751894,3.3719776705080537
2020-01,FB,-0.016272838002436063,3.492580162070505
2020-02,FB,-0.04675350403645184,0.1391586143400428
2020-03,FB,-0.13337143450927413,3.0794616938498005
2020-04,FB,0.22727817745803347,0.19374481330885965
2020-05,FB,0.09955546871183629,3.4426024955084578
2020-06,FB,0.008796481407437051,0.14962444037320022
2020-07,FB,0.11714449288765572,3.505806892111575
2020-08,FB,0.1558323806520283,4.147885883757004
2020-09,FB,-0.10675306957708053,0.15339173078314372
2020-10,FB,0.015387552500954582,4.970554561446434
1962-02,GE,0.0,57823.31967791714
1962-03,GE,0.0,53736.3939148767
1962-04,GE,-0.11111111111111105,0.12669437791917354
1962-05,GE,0.0,78525.66492150255
1962-06,GE,-0.125,0.23528052456697388
1962-07,GE,0.14285714285714302,66000.96069160746
1962-08,GE,0.0625,0.13262512700498053
1962-09,GE,-0.05882352941176461,65051.099570706414
1962-10,GE,0.0,81692.20528759637
1962-11,GE,0.125,82141.39568411729
1962-12,GE,0.05555555555555558,0.11214698726602976
1963-01,GE,0.0,0.0
1963-02,GE,-0.052631578947368474,0.07604706405127608
1963-03,GE,0.0,55000.95000815926
1963-04,GE,0.05555555555555558,0.10662175557554963
1963-05,GE,0.10526315789473673,79678.14380021911
1963-06,GE,-0.04761904761904756,1.0247791453564143
1963-07,GE,-0.050000000000000044,48362.84524736813
1963-08,GE,0.05263157894736836,81103.78779159613
1963-09,GE,0.0,81808.7002430985
1963-10,GE,0.04999999999999982,0.11099857500044809
1963-11,GE,0.0,0.1574548176738496
1963-12,GE,0.04761904761904767,0.09752899446782338
1964-01,GE,0.0,0.12302659599966476
1964-02,GE,-0.045454545454545525,0.09691913126807433
1964-03,GE,0.04761904761904767,63525.292794781955
1964-04,GE,-0.045454545454545525,60679.19506407169
1964-05,GE,-0.04761904761904756,0.09902247789173683
1964-06,GE,0.0,66746.99995437365
1964-07,GE,0.04999999999999982,0.11477206509884846
1964-08,GE,0.0,0.0
1964-09,GE,0.09523809523809534,45000.957143646
1964-10,GE,-0.04347826086956519,0.10667943517683726
1964-11,GE,0.09090909090909083,47310.174462980474
1964-12,GE,0.0,0.1120528960843041
1965-01,GE,0.08333333333333348,57033.39360802155
1965-02,GE,0.0,0.10524142630964771
1965-03,GE,0.0,36384.67384376938
1965-04,GE,0.03846153846153855,36667.62066774334
1965-05,GE,0.0,51719.11205437798
1965-06,GE,-0.07407407407407407,38690.45687829792
1965-07,GE,0.040000000000000036,0.1186815999069612
1965-08,GE,0.03846153846153855,35824.57809762913
1965-09,GE,0.14814814814814814,0.08795754007474027
1965-10,GE,0.0,44021.33768567362
1965-11,GE,-31936.483870967742,33815.903085970705
1965-12,GE,0.0,59226.389986689705
1966-01,GE,-1.000030303030303,0.9989380874247169
1966-02,GE,-0.03333333333333344,35890.76347892848
1966-03,GE,-34138.93103448276,53871.373523049464
1966-04,GE,-1.000030303030303,1.0330206027062068
1966-05,GE,-0.06666666666666665,34138.87629532144
1966-06,GE,0.0,61877.68202031182
1966-07,GE,-0.1071428571428571,37573.118087494615
1966-08,GE,-0.08000000000000007,71272.1778409785
1966-09,GE,0.0,0.15572061306411075
1966-10,GE,0.13043478260869557,0.14206647849607423
1966-11,GE,0.0,63925.51013860217
1966-12,GE,-0.07692307692307698,41250.94279686771
1967-01,GE,0.0,43044.428452547654
1967-02,GE,-0.04166666666666663,0.11355958058778881
1967-03,GE,0.0,40302.530191807615
1967-04,GE,0.13043478260869557,0.11131112117220782
1967-05,GE,-0.11538461538461531,0.09730433701921727
1967-06,GE,-43044.47826086957,40302.576886597395
1967-07,GE,-1.000030303030303,37573.086731162024
1967-08,GE,0.0,54521.35621093332
1967-09,GE,0.033333333333333215,32725.161548649077
1967-10,GE,-0.06451612903225812,0.9786869547587228
1967-11,GE,-34138.93103448276,49971.181988854005
1967-12,GE,-1.0000272727272728,1.0220506919124996
1968-01,GE,-0.11111111111111127,37202.39981532296
1968-02,GE,0.0,0.07528988810897531
1968-03,GE,0.0,41250.95017763491
1968-04,GE,0.12500000000000022,40578.904534556386
1968-05,GE,-0.07407407407407407,37202.40169356741
1968-06,GE,-0.04000000000000015,60268.51409053402
1968-07,GE,0.0,62779.75325355792
1968-08,GE,0.0,1.0845168518168753
1968-09,GE,0.0,0.10700117793894488
1968-10,GE,0.12500000000000022,42773.91802279003
1968-11,GE,0.03703703703703698,55804.28883585104
1968-12,GE,-0.0357142857142857,53377.87521060278
1969-01,GE,-0.03703703703703709,35824.57101671436
1969-02,GE,-0.038461538461538436,0.08594836423496714
1969-03,GE,0.040000000000000036,0.11554846665791249
1969-04,GE,0.07692307692307687,38077.87885819145
1969-05,GE,-0.0357142857142857,0.06371625981480875
1969-06,GE,-0.03703703703703709,38077.869533171295
1969-07,GE,-0.038461538461538436,39600.94649868209
1969-08,GE,-0.04000000000000015,0.07148037803792365
1969-09,GE,0.04166666666666674,39600.95644286706
1969-10,GE,-0.04000000000000015,37840.02078699261
1969-11,GE,-0.04166666666666663,43367.733031632924
1969-12,GE,0.0,0.12333150103906032
1970-01,GE,-0.08695652173913049,45000.99598650474
1970-02,GE,0.0,1.0553216751880357
1970-03,GE,0.04761904761904767,0.16061376161511523
1970-04,GE,-0.045454545454545525,43966.30309108476
1970-05,GE,-0.04761904761904756,49500.94870004459
1970-06,GE,0.0,46059.90379417069
1970-07,GE,0.1499999999999999,60873.90585473824
1970-08,GE,-43044.47826086957,43044.47874694769
1970-09,GE,-1.0000252525252524,1.0115540035835746
1970-10,GE,0.040000000000000036,38690.46775740224
1970-11,GE,0.0,39018.20646762242
1970-12,GE,0.07692307692307687,0.11293630442678725
1971-01,GE,0.0714285714285714,49020.58957985016
1971-02,GE,0.09999999999999987,45430.08910792742
1971-03,GE,0.030303030303030276,0.09256460544502236
1971-04,GE,0.08823529411764719,28286.67148496672
1971-05,GE,-0.027027027027027084,0.09889366526617997
1971-06,GE,0.0277777777777779,26868.662252236074
1971-07,GE,-0.10810810810810811,0.1264941785746571
1971-08,GE,0.1515151515151516,25454.587198128876
1971-09,GE,0.0,0.09560011644209195
1971-10,GE,-0.052631578947368474,0.08777011716184777
1971-11,GE,0.0277777777777779,28286.66605731949
1971-12,GE,0.054054054054053946,35608.77615142088
1972-01,GE,-0.02564102564102555,25385.564317666733
1972-02,GE,-0.02631578947368418,37330.99477930672
1972-03,GE,0.08108108108108114,25454.529486888892
1972-04,GE,0.04999999999999982,32475.26560982644
1972-05,GE,0.023809523809523947,37401.04803433744
1972-06,GE,-0.046511627906976716,23592.105067042397
1972-07,GE,-0.0487804878048782,0.10282330562641388
1972-08,GE,0.07692307692307687,0.09747282714255087
1972-09,GE,0.0,33656.61761494908
1972-10,GE,-0.04761904761904756,0.08277851021661735
1972-11,GE,0.07499999999999996,0.08519105597921363
1972-12,GE,0.06976744186046502,0.0631056911999009
1973-01,GE,-0.04347826086956519,21522.688364661128
1973-02,GE,-0.045454545454545525,24781.98596561779
1973-03,GE,-0.023809523809523614,24181.92908147272
1973-04,GE,-0.07317073170731714,1.0255240762903213
1973-05,GE,0.0,25454.56510564371
1973-06,GE,-0.02631578947368418,26053.579247650163
1973-07,GE,0.08108108108108114,26053.591100274323
1973-08,GE,-0.050000000000000044,0.08730233601996597
1973-09,GE,0.05263157894736836,0.13912894966279482
1973-10,GE,0.04999999999999982,22524.195422881137
1973-11,GE,-0.023809523809523614,24750.94700093246
1973-12,GE,0.0,25362.17282256278
1974-01,GE,-0.0487804878048782,0.13849926900639203
1974-02,GE,-0.05128205128205121,0.14803918957529952
1974-03,GE,-0.05405405405405406,0.12061831435340649
1974-04,GE,-0.05714285714285716,28286.661561194913
1974-05,GE,-0.06060606060606066,0.12162117707642622
1974-06,GE,0.032258064516129226,0.12361566207296044
1974-07,GE,-0.125,0.163341950690354
1974-08,GE,-0.1071428571428571,34545.1388071281
1974-09,GE,-0.16000000000000003,0.2402807678423786
1974-10,GE,0.19047619047619047,0.2227825602259864
1974-11,GE,0.0,39018.204965353994
1974-12,GE,-0.12,0.17081761863495667
1975-01,GE,0.18181818181818166,0.14126102895472997
1975-02,GE,0.15384615384615397,50216.45428437635
1975-03,GE,0.033333333333333215,0.2102245370027611
1975-04,GE,0.0,32242.20143874336
1975-05,GE,0.0,0.12788300123632393
1975-06,GE,0.16129032258064524,0.12247029493017153
1975-07,GE,-0.11111111111111105,27636.299689287367
1975-08,GE,0.0,31936.436087152688
1975-09,GE,-0.0625,33000.94570667317
1975-10,GE,0.09999999999999987,40908.49363709634
1975-11,GE,0.0,0.08489386379434787
1975-12,GE,-0.030303030303030276,30227.125789086946
1976-01,GE,0.21874999999999978,0.12244235602365144
1976-02,GE,-0.05128205128205121,38661.95150449359
1976-03,GE,0.0,0.08518676613068987
1976-04,GE,0.027027027027026973,26757.708196230888
1976-05,GE,-0.052631578947368474,27418.48206542883
1976-06,GE,0.11111111111111116,23592.121976680668
1976-07,GE,-0.025000000000000022,24750.945077377433
1976-08,GE,-0.05128205128205121,24801.911138143067
1976-09,GE,0.054054054054053946,0.09775009686957459
1976-10,GE,-0.02564102564102555,0.10840632641401259
1976-11,GE,-0.052631578947368474,0.0916231996562436
1976-12,GE,0.11111111111111116,26868.66949318464
1977-01,GE,-0.050000000000000044,35455.27867560373
1977-02,GE,-0.052631578947368474,1.0493374219844362
1977-03,GE,0.0,35821.35219450177
1977-04,GE,0.08333333333333326,0.113843750957513
1977-05,GE,0.0,24750.951396540975
1977-06,GE,0.05128205128205132,0.07540470307013827
1977-07,GE,-0.024390243902439046,0.06399657076389977
1977-08,GE,-0.025000000000000022,23650.353906782355
1977-09,GE,-0.02564102564102555,24750.947420285327
1977-10,GE,-0.02631578947368418,26053.581702999305
1977-11,GE,0.027027027027026973,26053.585796931653
1977-12,GE,-0.02631578947368418,27500.94628082361
1978-01,GE,-0.05405405405405406,28286.658863040742
1978-02,GE,-0.028571428571428692,0.10200888506762303
1978-03,GE,0.02941176470588247,26868.664960169677
1978-04,GE,0.1428571428571428,0.09796517126517575
1978-05,GE,0.0,0.1728512808350405
1978-06,GE,-0.025000000000000022,0.09768431517816818
1978-07,GE,0.05128205128205132,0.10099537078032104
1978-08,GE,0.024390243902438824,0.05931468595711257
1978-09,GE,-0.023809523809523614,24154.493863284377
1978-10,GE,-0.09756097560975618,0.07507921397335834
1978-11,GE,0.0,0.12792650864688143
1978-12,GE,0.0,27418.486393170973
1979-01,GE,0.027027027027026973,0.08595532509331882
1979-02,GE,-0.02631578947368418,0.10261681978610335
1979-03,GE,0.027027027027026973,0.06288092009668836
1979-04,GE,0.02631578947368407,26012.518010508913
1979-05,GE,0.025641025641025772,24181.84366413541
1979-06,GE,0.0,24750.948891639648
1979-07,GE,0.04999999999999982,0.057868070326866326
1979-08,GE,-23572.428571428572,30397.91412686993
1979-09,GE,-1.0000424242424242,24781.92894380284
1979-10,GE,-0.04761904761904756,23650.39535410899
1979-11,GE,-0.050000000000000044,1.0044540178471135
1979-12,GE,0.10526315789473673,24154.505962757965
1980-01,GE,0.09523809523809534,0.13880694557901765
1980-02,GE,-0.08695652173913049,22054.240084776455
1980-03,GE,-0.023809523809523614,1.0018091304966925
1980-04,GE,-0.024390243902439046,0.08805926949418923
1980-05,GE,0.04999999999999982,0.07805320786524834
1980-06,GE,0.04761904761904767,0.05112395054529193
1980-07,GE,0.09090909090909083,0.08768044087130267
1980-08,GE,-0.02083333333333326,0.06328354199605901
1980-09,GE,-0.021276595744680882,22000.942792352107
1980-10,GE,0.021739130434782705,0.09257930665433282
1980-11,GE,0.14893617021276606,0.1155410023204263
1980-12,GE,0.0,0.09527635946266552
1981-01,GE,0.0,0.12804638349184835
1981-02,GE,0.09259259259259256,0.10945962776623569
1981-03,GE,0.016949152542372836,0.07555102795666917
1981-04,GE,-0.03333333333333344,27437.251751506676
1981-05,GE,0.0,0.05672165971220468
1981-06,GE,-0.03448275862068961,16677.4544816267
1981-07,GE,-0.017857142857142905,17912.747640533136
1981-08,GE,-0.09090909090909083,0.08801005043496186
1981-09,GE,0.0,19800.947307124094
1981-10,GE,0.0,18966.387305150314
1981-11,GE,-19801.0,18445.54464764362
1981-12,GE,-1.0000535353535354,0.9790643760383259
1982-01,GE,0.09433962264150941,0.08011866355413204
1982-02,GE,0.0,18260.675112252793
1982-03,GE,0.017241379310344973,22735.271008335552
1982-04,GE,0.016949152542372836,16500.950123287916
1982-05,GE,-0.03333333333333344,0.05869998015882776
1982-06,GE,0.0517241379310347,0.04349332067062018
1982-07,GE,0.032786885245901676,0.13356585400322393
1982-08,GE,0.1428571428571428,0.11979573570611425
1982-09,GE,-13751.0,13751.00299449531
1982-10,GE,-1.0000838383838384,13379.287718022086
1982-11,GE,0.0843373493975903,11250.956950406055
1982-12,GE,0.022222222222222365,0.15091523314724778
1983-01,GE,0.09782608695652173,0.14976432698157655
1983-02,GE,0.03960396039603964,0.07398285793395866
1983-03,GE,-0.01904761904761909,0.09396828441563072
1983-04,GE,0.058252427184465994,0.07612261728572733
1983-05,GE,-0.07339449541284404,0.06286543742534556
1983-06,GE,0.07920792079207928,8874.6827674299
1983-07,GE,-0.10091743119266061,9571.22793160114
1983-08,GE,0.030612244897959107,0.12977385650451836
1983-09,GE,0.03960396039603964,0.11665441057789923
1983-10,GE,-0.01904761904761909,0.0792414172664911
1983-11,GE,0.11650485436893199,8762.020073191556
1983-12,GE,0.026086956521739202,8535.435987559296
1984-01,GE,-0.07627118644067798,0.03929464565165851
1984-02,GE,-0.04587155963302758,9058.543917295006
1984-03,GE,0.06730769230769251,9125.825229864045
1984-04,GE,0.018018018018017834,0.10854349473849088
1984-05,GE,-0.044247787610619316,8956.83651570101
1984-06,GE,0.0,0.06073648072446113
1984-07,GE,0.0,0.09667854415603434
1984-08,GE,0.07407407407407396,0.1327448839681732
1984-09,GE,-0.008620689655172376,0.07879460874970937
1984-10,GE,0.034782608695652195,7884.062058390733
1984-11,GE,-0.025210084033613578,8320.279198795795
1984-12,GE,0.017241379310344973,0.06058989358830099
1985-01,GE,0.1271186440677965,8197.878079654427
1985-02,GE,0.007518796992481258,0.06774795650021426
1985-03,GE,-0.0746268656716419,0.04917128567279575
1985-04,GE,0.0,0.06580506756627524
1985-05,GE,0.040322580645161255,0.06531759298851472
1985-06,GE,0.015503875968992276,0.061862050929881326
1985-07,GE,0.03816793893129766,10431.232486445577
1985-08,GE,-0.044117647058823484,0.07983371370044681
1985-09,GE,-0.053846153846153766,0.04189983130506085
1985-10,GE,0.008130081300812941,0.08217214705382751
1985-11,GE,0.1370967741935485,0.08398785112521007
1985-12,GE,0.4184397163120568,0.4156801326538109
1986-01,GE,-0.025000000000000022,5038.627502832408
1986-02,GE,0.3435897435897437,0.281036630107324
1986-03,GE,0.011450381679389166,0.24861390961680918
1986-04,GE,-0.0037735849056603765,3596.611591708207
1986-05,GE,0.018939393939394034,3794.052506892079
1986-06,GE,0.241635687732342,2991.9138998528247
1986-07,GE,-0.0988023952095809,0.08091904245768032
1986-08,GE,0.07641196013289031,4389.158466138898
1986-09,GE,0.13888888888888906,4432.609797883965
1986-10,GE,0.05962059620596216,0.05856959804799781
1986-11,GE,-2532.9693094629156,2427.169526617809
1986-12,GE,-1.0005494949494949,1.0924145077664182
1987-01,GE,0.1654411764705883,0.10161319661657209
1987-02,GE,0.029968454258675115,1624.7115377698226
1987-03,GE,0.19601837672281786,0.31573165260176783
1987-04,GE,-0.012804097311139628,0.1158033821545418
1987-05,GE,0.005188067444876765,0.11157019097631368
1987-06,GE,0.13419354838709685,1249.0333227550545
1987-07,GE,0.08873720136518748,0.9871490713777937
1987-08,GE,0.05538140020898652,1381.8743384102836
1987-09,GE,0.05346534653465329,0.15652723559397266
1987-10,GE,-0.2293233082706766,0.3700234377410267
1987-11,GE,-0.10609756097560974,0.15125519492501635
1987-12,GE,0.16098226466575705,0.15041653507856712
1988-01,GE,0.02232667450058745,0.17254471463551185
1988-02,GE,0.008045977011494232,0.10914188623885669
1988-03,GE,-0.01710376282782211,0.1818823625318718
1988-04,GE,0.0,0.1032675072165325
1988-05,GE,0.040603248259860836,1178.170488750051
1988-06,GE,0.16276477146042367,1.0074704033291633
1988-07,GE,-0.025886864813039367,0.10693556899760467
1988-08,GE,-0.055118110236220375,0.07191002630691593
1988-09,GE,0.1947916666666667,0.11674477357571321
1988-10,GE,0.006102877070619073,0.13856009549302367
1988-11,GE,0.03119584055459268,0.0838870395073134
1988-12,GE,0.12352941176470611,0.2170645993515477
1989-01,GE,0.08077786088257266,0.0869041379573651
1989-02,GE,-0.05397923875432531,0.0715225678624565
1989-03,GE,0.09436722750548654,0.13809526156700125
1989-04,GE,0.09893048128342241,0.0804353609451412
1989-05,GE,0.11739659367396604,0.11332665638725234
1989-06,GE,0.04137180185084377,794.6089210474199
1989-07,GE,0.13329848405645572,508.96626288828963
1989-08,GE,-0.014760147601475926,0.07911406630474237
1989-09,GE,0.07818352059925093,0.1395730321116112
1989-10,GE,-0.01997394702561872,409.22476614917764
1989-11,GE,0.1196278245458573,558.8582986030888
1989-12,GE,0.14641867827463417,0.20222060916042203
1990-01,GE,-0.03486365205384878,0.10346377321225969
1990-02,GE,0.09513590844062958,0.11259573079071568
1990-03,GE,0.04049640757674711,0.11056914000152829
1990-04,GE,-0.0037664783427494575,0.06556319722270934
1990-05,GE,0.17548834278512904,0.09405764263563679
1990-06,GE,0.005360493165371238,0.13492860287869166
1990-07,GE,0.03439082911223679,251.7793408047788
1990-08,GE,-0.13453608247422688,0.18586093346190966
1990-09,GE,-0.01846337105419893,0.15757947067018538
1990-10,GE,-0.0458131067961165,291.3113045797325
1990-11,GE,0.05278219395866457,1.0102034195693739
1990-12,GE,0.18574448807006938,0.21872619602218982
1991-01,GE,0.11563932755985729,0.1515850739050496
1991-02,GE,0.169634703196347,0.10289969832837442
1991-03,GE,0.024009369510052725,0.14042122521935543
1991-04,GE,0.01620282119710259,0.07741199926349605
1991-05,GE,0.19077096229600454,177.0920645145254
1991-06,GE,-0.04206049149338387,0.12207738108416603
1991-07,GE,-0.010031244861042565,0.07209464985839706
1991-08,GE,0.02209302325581386,0.07787044832667576
1991-09,GE,0.019990248659190746,0.16988794448209746
1991-10,GE,-0.005417463352453855,0.10429695810754247
1991-11,GE,-0.061518743992310165,167.40630729334495
1991-12,GE,0.31905087060430204,0.24794046036155074
1992-01,GE,-0.016435874207325063,0.08830438708446507
1992-02,GE,0.04486842105263156,0.06156267210560384
1992-03,GE,-125.66943709860219,116.11594135485669
1992-04,GE,-1.0085555555555556,1.0109809638841147
1992-05,GE,-0.0033057851239669533,121.92912150578404
1992-06,GE,0.11845534233593957,114.94712012883397
1992-07,GE,-0.015992374496928585,0.06624173691180722
1992-08,GE,-0.03271983640081799,0.039316644004529264
1992-09,GE,0.16501613441637897,0.14416231473021876
1992-10,GE,-0.019197707736389735,0.05869966925927914
1992-11,GE,0.08472100496640378,0.07198454646561478
1992-12,GE,0.133943801059341,0.1450863515068567
1993-01,GE,0.007283667168078711,0.03605259783789987
1993-02,GE,-0.02318635541931946,82.80203120579209
1993-03,GE,0.16647891857096897,99.18492705741127
1993-04,GE,0.01683106849693039,92.90008217187967
1993-05,GE,0.02340411098297257,0.0507845649598087
1993-06,GE,0.12640859074638744,0.12763896628368043
1993-07,GE,0.02871770729123746,0.046606350394558564
1993-08,GE,-0.0025170184772037585,57.051560107214996
1993-09,GE,0.06004473246544695,0.1043154881917442
1993-10,GE,0.01173988314217711,0.04661193209781441
1993-11,GE,0.014170365221111147,53.8983382867549
1993-12,GE,0.1645049035115469,0.1037612398049453
1994-01,GE,0.02739291859096249,0.08966558741162056
1994-02,GE,-0.022035168128332727,0.06300305682820177
1994-03,GE,0.03708710738587717,0.11538779159164958
1994-04,GE,-0.04749283045102992,0.08126080754574692
1994-05,GE,0.04461475297659767,0.07377238289368462
1994-06,GE,-0.016245250884318052,0.10971153408581795
1994-07,GE,0.08043680916233864,44.84322846066348
1994-08,GE,-0.012408069353712081,41.81879591377466
1994-09,GE,0.013978449889753275,0.0859068590802599
1994-10,GE,0.015591022853157055,58.35138087242283
1994-11,GE,-0.05882115299155655,0.06837092632462143
1994-12,GE,0.1677898441859469,0.10145634036697196
1995-01,GE,0.009814011615084883,0.1143379866196859
1995-02,GE,0.06311651439595245,61.4242362045605
1995-03,GE,0.034614989557297804,0.09076068012165525
1995-04,GE,0.03703090872989612,0.06222080292453019
1995-05,GE,0.035740498452308644,0.06863879877622339
1995-06,GE,0.018485996857380504,0.07142914272587313
1995-07,GE,0.04655594881568215,0.1011482997382358
1995-08,GE,-0.0021100705283847443,0.053310689106011326
1995-09,GE,0.12768299394606486,0.08780090641333847
1995-10,GE,-0.007860060106341993,0.041190096018188
1995-11,GE,0.061281553398058186,0.06028077545471403
1995-12,GE,-25.15105386416862,23.463914664152625
1996-01,GE,-1.0493060606060607,30.164400719809652
1996-02,GE,-0.016286644951140183,1.075437401354683
1996-03,GE,0.07147319755091841,0.10544421397973405
1996-04,GE,-0.008027210884353653,19.822796173417412
1996-05,GE,0.07120324470482209,0.11089052523897662
1996-06,GE,0.04834372885076177,18.807928560552345
1996-07,GE,-0.019419339079457032,0.08145355853555297
1996-08,GE,0.010640380064411703,0.08155252317164087
1996-09,GE,0.1302135600978891,0.07312882344618978
1996-10,GE,0.06318249084819683,0.042397166532234215
1996-11,GE,0.07494395686510091,0.10261501878822997
1996-12,GE,-0.018428154731074398,0.11050808785479906
1997-01,GE,-14.747326908656651,19.12528615086627
1997-02,GE,-1.0756848484848485,1.1323339588620316
1997-03,GE,-14.212684176809738,19.34555566314824
1997-04,GE,-1.084309090909091,13.590257138299974
1997-05,GE,0.0878441521098412,0.12467715769734095
1997-06,GE,0.07659860349346892,0.09981421694175933
1997-07,GE,0.09217108426339848,9.91921084013923
1997-08,GE,-0.10783698472317182,1.1022751119926113
1997-09,GE,0.10127034120734901,0.10319368473205276
1997-10,GE,-0.050507169005491126,0.13513869865188977
1997-11,GE,0.14313540432538807,0.11251807301883916
1997-12,GE,0.006543467950181681,0.0848790706331245
1998-01,GE,0.05621340500353411,9.764221786032053
1998-02,GE,0.003222048727290705,0.03971511558367292
1998-03,GE,0.12229167181362244,0.07962614248260311
1998-04,GE,-0.011601030224315911,0.09208417457199265
1998-05,GE,-0.021276911655530806,0.07665051518482136
1998-06,GE,0.0899540331022346,8.18074163756852
1998-07,GE,-0.005581343558837326,0.11741199515920925
1998-08,GE,-0.1055209915250086,0.11478844169272684
1998-09,GE,0.0058601237745767865,0.17296459552139157
1998-10,GE,0.09976509388466259,0.15808946574801444
1998-11,GE,0.03285993153591549,0.10480154914992475
1998-12,GE,0.1408849993837049,7.335126361057184
1999-01,GE,0.028185921444348505,1.2325734200661644
1999-02,GE,-0.043501611170784105,0.09464511863915608
1999-03,GE,0.11513438957107613,0.105254754984058
1999-04,GE,-0.04745590174970038,6.287982146527628
1999-05,GE,-0.03499649517943526,0.10209677015695713
1999-06,GE,0.11125003721234861,0.07770672055721453
1999-07,GE,-0.025953707672524695,0.15990649917598596
1999-08,GE,0.030385707056260758,6.238125726555501
1999-09,GE,0.06534806747811239,0.09263456234732685
1999-10,GE,0.14285857457118367,0.13815428392686793
1999-11,GE,-0.03966764589818905,0.11977707713077014
1999-12,GE,0.1989608397291609,4.848935111462101
2000-01,GE,-0.13408606245239907,0.13316983383050354
2000-02,GE,-0.012128994806257176,0.12208308380809126
2000-03,GE,0.18652812835272048,0.1479792011824478
2000-04,GE,0.010441562144741123,0.30369520763961266
2000-05,GE,-4.676006446007262,4.6468615214174935
2000-06,GE,-1.2750626262626263,1.2471739055562445
2000-07,GE,-0.022092305884426677,0.12336412514082887
2000-08,GE,0.1342190644996546,4.4980828126517
2000-09,GE,-0.011475377270409703,0.07242258375780687
2000-10,GE,-0.05189368058625721,0.1910603464486308
2000-11,GE,-0.09577925518761621,0.08585082044373869
2000-12,GE,-0.02951184732287615,6.627197508286491
2001-01,GE,-0.04083555076063472,0.20106600028395444
2001-02,GE,0.011310840359764596,0.09428784374290472
2001-03,GE,-0.09641354238427635,5.618021146650501
2001-04,GE,0.159339548982685,0.1501781391434687
2001-05,GE,0.009686122104562545,4.851411233615041
2001-06,GE,0.0,0.12902271452094385
2001-07,GE,-0.10925263273537666,7.1466525055187455
2001-08,GE,-0.05976927447879732,0.11549847300683924
2001-09,GE,-0.08617781817159675,0.4024552947931013
2001-10,GE,-0.021239727467074143,0.09524356692614118
2001-11,GE,0.05740220830103304,0.10962328302313432
2001-12,GE,0.04586501547987609,0.15040501502086678
2002-01,GE,-0.07310049541997021,0.09630576764700795
2002-02,GE,0.0413694430250382,6.46802501535004
2002-03,GE,-0.028572690337396178,0.07922875806584731
2002-04,GE,-0.15641526874876865,0.15968155844657758
2002-05,GE,-0.012999455112660097,6.781587646788944
2002-06,GE,-0.0610303574461889,0.1205105757936606
2002-07,GE,0.10843412415361553,0.24936279445792492
2002-08,GE,-0.06366905845802306,0.18399090697745485
2002-09,GE,-0.17646729251226378,0.17475406014119757
2002-10,GE,0.024340648126450537,0.16503792312936377
2002-11,GE,0.07406150145008827,0.1307776855217013
2002-12,GE,-0.0950702531862998,8.101897357254332
2003-01,GE,-0.04969326084975856,0.12777947144237944
2003-02,GE,0.04796145825843112,9.206762864851836
2003-03,GE,0.06029001418050406,0.13536647542953273
2003-04,GE,0.1549031450882261,0.13877652834754362
2003-05,GE,-0.025464303280474554,0.06349674323376919
2003-06,GE,0.006094795147163268,7.460611186830407
2003-07,GE,-0.00836926359370338,0.0785315638366347
2003-08,GE,0.03973412396022091,0.08177585376006966
2003-09,GE,0.01462110760741031,0.08699059245525079
2003-10,GE,-0.026835900984569783,6.917307107209823
2003-11,GE,-0.011720236275971296,0.06449859622478975
2003-12,GE,0.08793754181340807,0.038493603472658997
2004-01,GE,0.08554024655547487,0.11650458015981195
2004-02,GE,-0.026865113296280496,0.04626253097074785
2004-03,GE,-0.06150154042165257,0.09432691051143496
2004-04,GE,-0.01867824499397297,0.05044885886359543
2004-05,GE,0.039069301499087716,0.05526775109443375
2004-06,GE,0.0476488344600412,6.701223272254492
2004-07,GE,0.02623290260028366,6.396448622198187
2004-08,GE,-0.01383002572779779,0.062740898703267
2004-09,GE,0.030407837406294824,0.07477661544394339
2004-10,GE,0.016078960777000884,0.04453824258541208
2004-11,GE,0.036343145465636884,0.05492634380799952
2004-12,GE,0.03863536595099393,0.04442066532827289
2005-01,GE,-0.010138850866197036,9.663682729617994
2005-02,GE,-0.01937913031664551,0.03920220269302232
2005-03,GE,0.024432965206032442,0.043633470686488963
2005-04,GE,0.0038832700611470816,0.047858394817003644
2005-05,GE,0.007731685959797119,0.03617701978483038
2005-06,GE,-0.044038519381436436,0.06025308598198335
2005-07,GE,-0.004330042101793441,0.03779203432381279
2005-08,GE,-0.025797293365836915,5.861981216218747
2005-09,GE,0.00866547557139108,0.03834539910590624
2005-10,GE,0.007126011985584713,0.05535775253510365
2005-11,GE,0.05337611126316544,0.061139906358005355
2005-12,GE,-0.011480592217640528,0.03921034296221917
2006-01,GE,-0.06561917417483187,0.067569691539875
2006-02,GE,0.011481439034808805,6.498181219719988
2006-03,GE,0.0581100707641915,0.06359105389997867
2006-04,GE,-0.005466076739239267,0.03663496459121959
2006-05,GE,-0.009538678386500021,0.030191971127487963
2006-06,GE,-0.030458006591658093,0.03109243072020038
2006-07,GE,-0.008195175650950848,0.040939864135393876
2006-08,GE,0.04191053672824441,0.05479729058001516
2006-09,GE,0.04416036614536334,0.03869572049093222
2006-10,GE,-0.0053845972179581425,0.03772570073939315
2006-11,GE,0.0048438798527841165,0.046583494049345954
2006-12,GE,0.06281811952078264,0.07710012866287523
2007-01,GE,-0.03117565710779191,0.05747249812720583
2007-02,GE,-0.023706144779599425,0.05172655118144667
2007-03,GE,0.012890729675475221,5.460452835633447
2007-04,GE,0.04242224522285598,0.044494266856820314
2007-05,GE,0.019533111005240578,0.060241883479031096
2007-06,GE,0.026273036946458328,0.054362340903925895
2007-07,GE,0.012540638989599673,0.0733133050106778
2007-08,GE,0.0028368138587813174,0.11815984407274886
2007-09,GE,0.07256786998466169,0.07165205230603723
2007-10,GE,-0.005798369892237809,0.040390887184743984
2007-11,GE,-0.06972686185891142,0.09953994320395107
2007-12,GE,-0.023252277067103755,0.08948921118223602
2008-01,GE,-0.046128094669642405,0.09868712299883002
2008-02,GE,-0.053904298106003834,5.823001561462658
2008-03,GE,0.11677873578367692,0.13961459283852262
2008-04,GE,-0.11645502259491791,0.19211841514084826
2008-05,GE,-0.060554397928900716,0.0672002046510852
2008-06,GE,-0.12113911092268403,0.08067289662153122
2008-07,GE,0.059946818524096335,0.10394677033915474
2008-08,GE,-0.0067157303495508636,0.12864065167434297
2008-09,GE,-0.07984287342705787,0.268381973281759
2008-10,GE,-0.2348990435706696,8.480171056844318
2008-11,GE,-0.11994317144603261,0.36140002156001755
2008-12,GE,-0.037607885931764784,0.27423959582541907
2009-01,GE,-0.2512393286540281,0.23767575362157298
2009-02,GE,-0.27696774758763976,0.2891442341030649
2009-03,GE,0.18801820982846063,0.5633719196039618
2009-04,GE,0.2512348287267059,14.70834416628968
2009-05,GE,0.0656178676230843,0.18914759064858855
2009-06,GE,-0.12312181049272763,0.10187604929932385
2009-07,GE,0.14335028164099484,0.18086900754088936
2009-08,GE,0.03730912182414681,0.13730389186468236
2009-09,GE,0.18856782599558697,9.53688529832152
2009-10,GE,-0.13154637717033835,0.10944160721582097
2009-11,GE,0.12341707724255868,0.09164162411176209
2009-12,GE,-0.04916636462486412,0.04319239385551927
2010-01,GE,0.06279185011531063,0.10740940440018923
2010-02,GE,-9.87709261766631,14.441134187120854
2010-03,GE,-1.128329292929293,1.087464169794877
2010-04,GE,0.036262456118256514,0.08023436022286948
2010-05,GE,-0.1330846999308789,0.1360808326596478
2010-06,GE,-0.11222093716048076,9.623455004239625
2010-07,GE,0.11788914768465508,0.17711084015782144
2010-08,GE,-0.10173127687187145,0.058729120380685874
2010-09,GE,0.13087492382992938,10.312432684280822
2010-10,GE,-0.014157584606560025,0.0920707355255737
2010-11,GE,-0.011857219680339814,0.056146022598878
2010-12,GE,0.16487045892513041,0.07143995465510916
2011-01,GE,0.10115035843391929,0.14512690062526754
2011-02,GE,0.04621109372283083,7.860672940212582
2011-03,GE,-0.04159049056302733,0.07386748773339777
2011-04,GE,0.019949640337673324,0.06710496505620998
2011-05,GE,-7.732907595943933,8.084986291607269
2011-06,GE,-1.1381484848484849,1.1112925876093158
2011-07,GE,-0.05037033787390233,8.34597967112589
2011-08,GE,-0.08933768613622006,0.1454232084500928
2011-09,GE,-0.05751849503276274,0.21893705539156458
2011-10,GE,0.09789902397014494,0.11190769396718656
2011-11,GE,-0.04787351391101857,0.12498765711756256
2011-12,GE,0.13706812213583253,0.17393124466835466
2012-01,GE,0.044664825129435926,0.055447758247520275
2012-02,GE,0.02754739336492884,0.03539939786020828
2012-03,GE,0.05354041721449221,0.06441169892203022
2012-04,GE,-0.024412055204078964,0.07530337600817381
2012-05,GE,-0.025029756611440246,0.0725515972169445
2012-06,GE,0.10444336862489201,0.14736365577988828
2012-07,GE,-0.0043198465183943435,0.05445217153570042
2012-08,GE,-0.001926843740628903,0.03326051435630742
2012-09,GE,0.10527964406032053,0.07229952244569111
2012-10,GE,-0.07265471370734533,7.146385544447293
2012-11,GE,0.0033242275692599854,7.210713918229639
2012-12,GE,0.002803488509426799,0.0722743552189347
2013-01,GE,0.06146092907352996,0.07164806604405391
2013-02,GE,0.051063730385372486,0.07184082358157094
2013-03,GE,-0.004306010078841682,6.654553024049587
2013-04,GE,-0.035902815753936834,0.08023847995072675
2013-05,GE,0.04621119162827325,0.03276729506417118
2013-06,GE,0.0026887074287988977,0.10810518906491767
2013-07,GE,0.050882245837057694,6.293075023501959
2013-08,GE,-0.05047148017473102,0.0633629689498327
2013-09,GE,0.040685426124268176,0.06112872761153397
2013-10,GE,0.09417721788012257,0.08766630669657313
2013-11,GE,0.019894723552206006,5.9012800855863485
2013-12,GE,0.06023872666415908,0.05484728599752431
2014-01,GE,-0.10346097367109297,0.06762028790292
2014-02,GE,0.0227404780509306,0.062405950678070934
2014-03,GE,0.016490028601653384,5.922498380228198
2014-04,GE,0.038626650799080675,0.0492515415082942
2014-05,GE,-0.003720403770503866,7.794074994011587
2014-06,GE,-0.010616205544639379,0.04285355626178133
2014-07,GE,-0.0430004800316256,0.053477313174164445
2014-08,GE,0.0330023752268267,0.042598657922129426
2014-09,GE,-0.005193754165476627,0.037436849219659826
2014-10,GE,0.007417368126372947,0.08332787161539684
2014-11,GE,0.026349165633505756,5.96417873575486
2014-12,GE,-0.036715633186156005,0.07340087942064795
2015-01,GE,-0.05460931231472188,0.08263774039031468
2015-02,GE,0.09830916769580256,6.276127225892766
2015-03,GE,-0.045402594037323496,0.049669029397678664
2015-04,GE,0.09149341489779395,0.15918807538712787
2015-05,GE,0.007016795900059547,5.614039567352891
2015-06,GE,-0.017044903287262714,0.03585858118458593
2015-07,GE,-0.01769041989510478,0.0718907829554604
2015-08,GE,-0.04903948918911505,5.595935919920007
2015-09,GE,0.025575263317147545,0.09576436134567523
2015-10,GE,0.14670731593095243,0.14472908971234455
2015-11,GE,0.03526898934497513,5.039731966182853
2015-12,GE,0.04850944981597416,0.040945662378474156
2016-01,GE,-0.06581036441755639,5.332966339188532
2016-02,GE,0.009718004687839787,0.07837088420561117
2016-03,GE,0.09093991185210304,0.05456543867166001
2016-04,GE,-0.032714841964791685,0.029802719360322378
2016-05,GE,-0.016910650232266344,0.05001248349650821
2016-06,GE,0.04955535135509237,0.09572299652770846
2016-07,GE,-0.010799246836787901,0.03225079532514722
2016-08,GE,0.003210706799884555,4.441158934747231
2016-09,GE,-0.04416004370600335,1.2704406941433493
2016-10,GE,-0.017556326224810515,0.03093981938961067
2016-11,GE,0.05704581905091355,0.05051414971165773
2016-12,GE,0.03535090589950318,0.08288481483850085
2017-01,GE,-0.060127150605222446,0.04010703369918249
2017-02,GE,0.012034241602017826,0.05123364035018302
2017-03,GE,-0.0003360786046319175,0.041449317985152244
2017-04,GE,-0.02718241226910434,0.04257705166772016
2017-05,GE,-0.05553441487337596,0.04605969253822517
2017-06,GE,0.0038029535587422725,0.06616077975436968
2017-07,GE,-0.051835499289391795,5.328493786219589
2017-08,GE,-0.041390749931965676,0.06535957238188558
2017-09,GE,-0.004830591341885904,0.06849087684500942
2017-10,GE,-0.16625537136569668,0.09880197080896887
2017-11,GE,-0.09275511866615971,0.22023475335494797
2017-12,GE,-0.03227158173252487,7.326177644756323
2018-01,GE,-0.0733576642335767,0.13276805254744414
2018-02,GE,-0.11987903952577084,8.524023224060311
2018-03,GE,-0.044651593182800875,0.1310037839617929
2018-04,GE,0.04376925275493049,12.313291315449097
2018-05,GE,0.0007073910959998209,0.11021378189305055
2018-06,GE,-0.024452349462610767,0.1202896960576915
2018-07,GE,0.0014725934005999086,0.07692280720794176
2018-08,GE,-0.050624737423561106,8.603772227299178
2018-09,GE,-0.11885894105402905,9.663344343364368
2018-10,GE,-0.10540070496544929,0.17697648898942037
2018-11,GE,-0.2574280070693419,0.3095229812027243
2018-12,GE,0.010780086240689934,0.2082862671475166
2019-01,GE,0.34212859081969027,12.914478174334363
2019-02,GE,0.06355070743764135,0.16933398289695353
2019-03,GE,-0.03748411073483604,0.13160567992834873
2019-04,GE,0.0180152025324114,0.15861965514000842
2019-05,GE,-0.0717758786306335,0.15702454130306584
2019-06,GE,0.11335388817172176,0.11376142493857694
2019-07,GE,-0.00476245232756467,0.08346184418519892
2019-08,GE,-0.21052175503798354,0.2670832067683253
2019-09,GE,0.08480901507390604,0.09928413171349428
2019-10,GE,0.11632377740303546,0.14109640301301848
2019-11,GE,0.12925868858072254,0.29705094009655103
2019-12,GE,-0.008855634430849468,0.0733450277566776
2020-01,GE,0.11558498816797003,9.22893174541866
2020-02,GE,-0.12610396418921643,9.448745044099145
2020-03,GE,-0.2694970004614675,15.913816567007647
2020-04,GE,-0.14357548957675303,0.2770397645155907
2020-05,GE,-0.033827043932375456,0.22900762700231617
2020-06,GE,0.04113416701021477,0.2118082678830523
2020-07,GE,-0.11126754366668135,0.1428433888626962
2020-08,GE,0.044471947194719696,0.09737590324764743
2020-09,GE,-0.01572004107749425,0.1811103309466948
2020-10,GE,0.17014446227929358,0.16392425855273637
2010-07,TSLA,-0.16323961393201847,26.748346142041708
2010-08,TSLA,-0.02306920762286868,27.958346009842543
2010-09,TSLA,0.04774127310061593,24.483937244238447
2010-10,TSLA,0.07006369426751613,0.10456259095538765
2010-11,TSLA,0.6176739926739925,27.245789638180394
2010-12,TSLA,-0.24624964619303713,18.399308219516595
2011-01,TSLA,-0.09500563274502427,1.0882825936557436
2011-02,TSLA,-0.008713692946058282,0.1650410441512185
2011-03,TSLA,0.16157388028463804,19.904393725869234
2011-04,TSLA,-0.005405405405405461,28.97246730800277
2011-05,TSLA,0.09202898550724647,26.463228266767544
2011-06,TSLA,-0.03351028533510281,0.1688979797971711
2011-07,TSLA,-0.03295571575695144,0.09842283511252446
2011-08,TSLA,-0.12176073837415691,0.3155837358769285
2011-09,TSLA,-0.014147130153597476,21.52568883226371
2011-10,TSLA,0.2041820418204181,18.23128701086917
2011-11,TSLA,0.11474293496765409,23.23378216064107
2011-12,TSLA,-0.12767257177764202,0.23682830929981044
2012-01,TSLA,-18.331932773109244,25.778846239095678
2012-02,TSLA,0.0,26.949520830775086
2012-03,TSLA,-1.0752323232323233,20.035067986747524
2012-04,TSLA,-0.11036519871106343,0.14493534443457656
2012-05,TSLA,-0.10956836703893746,0.23119859799528716
2012-06,TSLA,0.06067796610169496,0.18092543569659578
2012-07,TSLA,-0.12368168744007668,0.23464617740258464
2012-08,TSLA,-19.052516411378555,23.583083025628053
2012-09,TSLA,-1.0591515151515152,17.97703329283612
2012-10,TSLA,-0.039275956284152924,17.81339262880857
2012-11,TSLA,0.20227515108425176,16.4079561053408
2012-12,TSLA,0.0014784151389710676,16.095674528995144
2013-01,TSLA,0.1074697372305875,0.12012008100670758
2013-02,TSLA,-0.07144761396960808,0.15382869174072336
2013-03,TSLA,0.08785529715762275,14.78568556557895
2013-04,TSLA,0.4249142253892848,0.2837259713866287
2013-05,TSLA,0.8107056862381923,10.159542947425832
2013-06,TSLA,0.09819967266775786,0.1781705700928977
2013-07,TSLA,0.25074515648286133,6.789272582252426
2013-08,TSLA,0.2585641942210306,4.0574713797259605
2013-09,TSLA,0.14420118343195276,0.1694827033405015
2013-10,TSLA,-0.17288100532657602,5.258556752398358
2013-11,TSLA,-0.20420157559084662,4.772506615726594
2013-12,TSLA,0.18188246385920803,4.5118792600848385
2014-01,TSLA,0.20594296350461994,0.23993198389644393
2014-02,TSLA,0.3494845929110857,4.17592850856344
2014-03,TSLA,-0.1485233446346147,0.1303329069394245
2014-04,TSLA,-0.002686495562484903,4.857977896919628
2014-05,TSLA,-0.0005772283419116508,3.7698088903312255
2014-06,TSLA,-3.3824421235019493,6.0486388401172615
2014-07,TSLA,-1.451111111111111,1.4481862494590574
2014-08,TSLA,0.20779220779220786,3.2309698057390213
2014-09,TSLA,-0.10018539117537995,4.9734346875263995
2014-10,TSLA,-0.0040382396571616574,1.460313392199574
2014-11,TSLA,0.011667356226727321,3.501259786582733
2014-12,TSLA,-0.0904220513659415,5.8411023729549125
2015-01,TSLA,-0.08457353536261858,3.7986942585503067
2015-02,TSLA,-0.0012770137524558134,6.401524296184352
2015-03,TSLA,-0.07165338841349467,1.3665866424292075
2015-04,TSLA,0.19748900778725442,0.14731107764438106
2015-05,TSLA,0.10948905109489049,5.284021835993423
2015-06,TSLA,0.0696172248803828,3.138932212621398
2015-07,TSLA,-0.007865503615895109,3.1781050040560315
2015-08,TSLA,-0.06421191057674247,0.2806592993190523
2015-09,TSLA,-0.002649963864129079,3.206787365445987
2015-10,TSLA,-0.16694847020933967,0.21057921121717996
2015-11,TSLA,0.11274343981056378,0.22183966221594428
2015-12,TSLA,0.04234343785286199,3.0845644945508393
2016-01,TSLA,-0.20336652639473352,3.9587964761839425
2016-02,TSLA,0.003817991631799078,6.729692003437289
2016-03,TSLA,0.19715521283801385,3.0998237608443695
2016-04,TSLA,0.04783043913478702,1.5395617154615928
2016-05,TSLA,-3.0559893670044858,4.657932722692972
2016-06,TSLA,-1.4288484848484848,1.4204396178110812
2016-07,TSLA,0.10603919351799496,3.583854105060128
2016-08,TSLA,-0.09702287150219335,0.06544258951667589
2016-09,TSLA,-0.03763973397481257,3.7028085086214766
2016-10,TSLA,-0.03087781208645779,3.720095782562464
2016-11,TSLA,-0.042128154554189945,5.026516976283811
2016-12,TSLA,0.12824709609292495,3.9504827083579235
2017-01,TSLA,0.17895081660349121,4.912236303431543
2017-02,TSLA,-0.007700551740562944,0.1760857187221231
2017-03,TSLA,0.11324452978119126,3.1111312579831476
2017-04,TSLA,0.1285303629177148,4.333894167938548
2017-05,TSLA,0.08577705607030284,4.588917409158119
2017-06,TSLA,0.06040878566610952,0.12140860113380104
2017-07,TSLA,-0.10547274688199992,0.21867763094220555
2017-08,TSLA,0.10025659257427288,0.17016742113130154
2017-09,TSLA,-0.04158471480753034,2.9496183324354996
2017-10,TSLA,-0.028056288478452096,0.1154826248746843
2017-11,TSLA,-0.0684100986336077,3.0053586019020733
2017-12,TSLA,0.008094544277157167,3.101218344644239
2018-01,TSLA,0.1379797655371766,0.1038125966776377
2018-02,TSLA,-0.03175185571956762,4.053794953115144
2018-03,TSLA,-0.22424648749489884,0.16670069535968626
2018-04,TSLA,0.10434749934242671,3.0254934139896124
2018-05,TSLA,-0.03120108880571626,0.13857992788376736
2018-06,TSLA,0.2044744143574615,2.9139681149067287
2018-07,TSLA,-0.13066044612917338,0.16442329596981378
2018-08,TSLA,0.011806533843160993,2.849185357832974
2018-09,TSLA,-0.12228999535901341,0.26826290926704344
2018-10,TSLA,0.27401140612607167,2.99045577516904
2018-11,TSLA,0.039013399739120214,3.879048436537569
2018-12,TSLA,-0.05044510385756673,3.0192521202206883
2019-01,TSLA,-0.07746394230769227,3.013446401424188
2019-02,TSLA,0.041886522050680774,0.12629727162122223
2019-03,TSLA,-0.12510941603101156,3.024328279409233
2019-04,TSLA,-0.1471092689201744,3.056018898369678
2019-05,TSLA,-0.22426578407138975,0.2254082307341791
2019-06,TSLA,0.20684813134586322,5.821672603806675
2019-07,TSLA,0.08122259017273792,3.4032487218240295
2019-08,TSLA,-0.06622242456851957,0.16385659375035816
2019-09,TSLA,0.06763884579584234,3.5737388266782353
2019-10,TSLA,0.307427242911114,0.3370253591150373
2019-11,TSLA,0.04769465261018668,3.0163744146663705
2019-12,TSLA,0.26789719342910834,0.17525511142818356
2020-01,TSLA,0.555159802070136,2.8691128045451135
2020-02,TSLA,0.026776519052523318,0.5132107620888513
2020-03,TSLA,-0.2155571191185498,0.5809700506082653
2020-04,TSLA,0.49213740458015276,2.9627171523649514
2020-05,TSLA,0.06793881414027725,4.154362077971695
2020-06,TSLA,0.29318562874251497,4.254528936411167
2020-07,TSLA,0.3250108815439754,5.526628706407066
2020-08,TSLA,0.7414520953898629,0.40873586904156484
2020-09,TSLA,-0.13908733344035962,8.087385247051511
2020-10,TSLA,0.024847905643225143,7.371452678838693
2010-07,TSLA,-0.16323959537473942,0.30008719988875615
2010-08,TSLA,-0.023069210021424147,0.15475391312434628
2010-09,TSLA,0.04774124093201593,0.15831763484666717
2010-10,TSLA,0.07006375974321344,0.0718211453129383
2010-11,TSLA,0.6176739778785987,0.2643878316470262
2010-12,TSLA,-0.2462496143328099,0.22310230529075617
2011-01,TSLA,-0.09500563681304475,0.14251270819626227
2011-02,TSLA,-0.008713753575907535,0.16437416967077742
2011-03,TSLA,0.1615739498804014,0.17868325847410974
2011-04,TSLA,-0.005405443022944767,0.11564106436445597
2011-05,TSLA,0.09202896716639253,0.1482131010512162
2011-06,TSLA,-0.03351023032469225,0.1380420811011611
2011-07,TSLA,-0.03295578133522259,0.0887495940159102
2011-08,TSLA,-0.12176071914561337,0.19750009196785664
2011-09,TSLA,-0.014147164977563187,0.13223565772366835
2011-10,TSLA,0.20418211035545086,0.1277144151539983
2011-11,TSLA,0.11474289718428232,0.1832761604132619
2011-12,TSLA,-0.12767256928648685,0.12371613459288952
2012-01,TSLA,0.017857184597090958,0.2778147094858523
2012-02,TSLA,0.1492948075600422,0.09840011921575258
2012-03,TSLA,0.11463630284939086,0.1262515124572946
2012-04,TSLA,-0.11036520297462393,0.12909329157719424
2012-05,TSLA,-0.10956834290593898,0.19612632234409802
2012-06,TSLA,0.06067793149983802,0.15289383154634398
2012-07,TSLA,-0.1236816401004055,0.16327095913369705
2012-08,TSLA,0.04011666337123865,0.14894396680518837
2012-09,TSLA,0.02664795766314687,0.18248205010083693
2012-10,TSLA,-0.03927595989942778,0.08841055169906117
2012-11,TSLA,0.20227515572428767,0.12347455519889647
2012-12,TSLA,0.0014784489905490528,0.07782456248760289
2013-01,TSLA,0.10746968839037407,0.07757197101131373
2013-02,TSLA,-0.07144758534921303,0.14674343976565135
2013-03,TSLA,0.08785529450444152,0.10027158886909907
2013-04,TSLA,0.42491425677649275,0.20760812350090296
2013-05,TSLA,0.8107056341854519,0.35874121629512845
2013-06,TSLA,0.09819967633995086,0.1329693259019281
2013-07,TSLA,0.2507451912998182,0.21697049997700446
2013-08,TSLA,0.25856412362283443,0.18640537510500937
2013-09,TSLA,0.14420120293885197,0.10259723591627279
2013-10,TSLA,-0.17288097826853543,0.14843398575250147
2013-11,TSLA,-0.20420161678619397,0.24219398114444524
2013-12,TSLA,0.18188251028845137,0.2104528018743087
2014-01,TSLA,0.20594299547050676,0.19806443931855813
2014-02,TSLA,0.34948458691830786,0.20074192236098004
2014-03,TSLA,-0.14852340399506203,0.10115934928704809
2014-04,TSLA,-0.002686483938788009,0.17240883395304482
2014-05,TSLA,-0.000577186517121131,0.1476646089323922
2014-06,TSLA,0.1554122358932215,0.10977666378477136
2014-07,TSLA,-0.06981590264402082,0.08765856896543077
2014-08,TSLA,0.2077921811689083,0.08311922803945189
2014-09,TSLA,-0.1001853812791429,0.12777230643047477
2014-10,TSLA,-0.004038222110232748,0.15918582569507972
2014-11,TSLA,0.011667339144499245,0.10198266574997386
2014-12,TSLA,-0.09042207070419461,0.1170157907976961
2015-01,TSLA,-0.0845734758898039,0.10380836602108444
2015-02,TSLA,-0.0012770616789313793,0.10924775528179347
2015-03,TSLA,-0.07165333192256695,0.09995160250330766
2015-04,TSLA,0.1974889322354232,0.10633609626014023
2015-05,TSLA,0.10948907018756238,0.05187148073573647
2015-06,TSLA,0.06961723665184882,0.06844279343742095
2015-07,TSLA,-0.007865520048632946,0.12549978027494632
2015-08,TSLA,-0.06421189736937816,0.1723599325180628
2015-09,TSLA,-0.002649963236862396,0.08998140353426644
2015-10,TSLA,-0.166948443383919,0.11340583905362654
2015-11,TSLA,0.11274335216255893,0.15923081692487756
2015-12,TSLA,0.04234345613143531,0.0982476884354769
2016-01,TSLA,-0.20336647319539747,0.10686698043837817
2016-02,TSLA,0.003817989070054928,0.212579740624709
2016-03,TSLA,0.19715512598060547,0.10494581333653062
2016-04,TSLA,0.047830481137153935,0.1052624532202795
2016-05,TSLA,-0.0728111083172156,0.10288291092259864
2016-06,TSLA,-0.04905251604174787,0.1449225949729499
2016-07,TSLA,0.10603916443971939,0.07706158885533126
2016-08,TSLA,-0.09702286592474041,0.049636761067950494
2016-09,TSLA,-0.03763974942939674,0.08781222631812949
2016-10,TSLA,-0.030877771138355214,0.0909226221441298
2016-11,TSLA,-0.04212816228658811,0.09701118624348962
2016-12,TSLA,0.12824703688765826,0.08998681141016059
2017-01,TSLA,0.17895088235740397,0.06815324137740439
2017-02,TSLA,-0.007700561188844546,0.11844304977267847
2017-03,TSLA,0.11324450226739402,0.08462808274980006
2017-04,TSLA,0.12853035120778755,0.11129373714368018
2017-05,TSLA,0.0857771256989952,0.11704856218023782
2017-06,TSLA,0.06040871099125189,0.09673793375103973
2017-07,TSLA,-0.10547272614300351,0.134031865453582
2017-08,TSLA,0.10025659313937063,0.10003546174581368
2017-09,TSLA,-0.04158470176709772,0.10107415376288616
2017-10,TSLA,-0.028056309448773464,0.0910737464563537
2017-11,TSLA,-0.068410088299662,0.1082090829709927
2017-12,TSLA,0.008094544217170263,0.08964557467827818
2018-01,TSLA,0.1379797493302226,0.08896430862350659
2018-02,TSLA,-0.03175185593835672,0.1336535612710533
2018-03,TSLA,-0.22424645662146758,0.14687558626448974
2018-04,TSLA,0.10434744031643084,0.16313864451921772
2018-05,TSLA,-0.031201083223482806,0.11065309411873249
2018-06,TSLA,0.20447436812251185,0.15431926873636412
2018-07,TSLA,-0.13066042374008757,0.12326855913738308
2018-08,TSLA,0.011806574089819,0.2275921075714046
2018-09,TSLA,-0.12229002978817471,0.21409427238431927
2018-10,TSLA,0.2740113818513219,0.2672668985596881
2018-11,TSLA,0.03901345763104036,0.11580903060871618
2018-12,TSLA,-0.05044514778196707,0.18691220319652316
2019-01,TSLA,-0.07746391855621038,0.19160303121895939
2019-02,TSLA,0.04188656177139527,0.09950992932711467
2019-03,TSLA,-0.12510943791114681,0.13157072119858035
2019-04,TSLA,-0.1471092893180571,0.13382191733386
2019-05,TSLA,-0.22426573588626708,0.13356967959380106
2019-06,TSLA,0.20684811887285126,0.1339435330948115
2019-07,TSLA,0.08122252627661597,0.1655635141130145
2019-08,TSLA,-0.06622236333772835,0.11870902240677912
2019-09,TSLA,0.06763880206911099,0.13182296074092423
2019-10,TSLA,0.30742727278126303,0.20341594468452806
2019-11,TSLA,0.047694616845936455,0.09644458545393084
2019-12,TSLA,0.2678972189152289,0.09478978631800282
2020-01,TSLA,0.55515977629586,0.16818548060904256
2020-02,TSLA,0.026776586928037194,0.38384702749958394
2020-03,TSLA,-0.2155571385643208,0.4248070813091914
2020-04,TSLA,0.4921374286873672,0.2701313423967543
2020-05,TSLA,0.06793876578829305,0.16275492032154312
2020-06,TSLA,0.2931856623666731,0.18895715352474127
2020-07,TSLA,0.32501088439815295,0.2548365770180953
2020-08,TSLA,0.7414520719546436,0.22189149888657025
2020-09,TSLA,-0.13908732649680466,0.3465324718330926
2020-10,TSLA,0.02484791361379446,0.1548359171298478
